Eval num episodes,Eval avg final dist,Eval success ratio,Eval final puck distance Mean,Eval final puck distance Std,Eval final puck distance Max,Eval final puck distance Min,Eval final endeff distance Mean,Eval final endeff distance Std,Eval final endeff distance Max,Eval final endeff distance Min,Eval puck movement Mean,Eval puck movement Std,Eval puck movement Max,Eval puck movement Min,Eval endeff movement Mean,Eval endeff movement Std,Eval endeff movement Max,Eval endeff movement Min,policy loss,timesteps,epoch time (s),total time (s),Conditional loss,Marginal loss,Validation loss,Conditional Validation loss,Marginal Validation loss
50,0.18966047069940017,0.08,0.18966047069940017,0.10028793212909112,0.3472006708786054,0.021521643618855148,0.2596831567999669,0.06882169210271835,0.3730465469208165,0.16892781296200338,0.010538061548500309,0.022956503283170306,0.1000351084096793,5.610396582646659e-08,0.18472629489670914,0.007737341827966888,0.1948362920286449,0.17077593039387154,0,0,6.033396005630493,6.0333991050720215,0,0,0,0,0
50,0.12799905069936476,0.18,0.12799905069936476,0.09331542997339347,0.3231391267793771,0.012816357955642264,0.12870205802741397,0.13630170272858178,0.3827336541340423,0.004757383987469191,0.05580204602507481,0.07573549921610395,0.2532957325765755,9.54215128686981e-07,0.09278972874190872,0.11046928509133927,0.3710010667779058,3.615675708468564e-10,4.319828854898291,2.1285673246605508,2.1912614321620185,4.3489883175611395,2.142637195446946,2.206351072709226,10000,240.23772549629211,246.2711305618286
50,0.08711710488401339,0.24,0.08711710488401339,0.051927175300242684,0.20697200083364656,0.002158092680856112,0.0908118775951238,0.07667140861175184,0.2668450671315886,0.004987467317250587,0.06443642408884483,0.0987630331723633,0.3120894130838082,1.1187589294431646e-06,0.10017736873488682,0.1317815945021995,0.39168442244691887,1.606670590694402e-09,4.150016542802251,2.015385046245581,2.1346314548069714,4.291776212106588,2.09544032612047,2.196335902077822,20000,260.39804220199585,506.6691768169403
50,0.0826124716222547,0.42,0.0826124716222547,0.06676847997294423,0.2986151052376789,0.00565537122697806,0.08796564076408186,0.06254116051484679,0.23599263053154212,0.008773077673686768,0.08850840318583587,0.09406576314044346,0.29472086180671575,1.4710732957491399e-06,0.1442063722233191,0.1180343618904819,0.38555617019262545,6.335074494955793e-09,4.115665652652032,1.9880700476431843,2.1275956318914115,4.242980028624228,2.061403026285536,2.181576956318646,30000,260.205447435379,766.874627828598
50,0.07589792948134981,0.34,0.07589792948134981,0.04792063607724495,0.23774859794017036,0.011527555599124564,0.087628023012436,0.05581341096158865,0.19987663618553345,0.011152669731292812,0.12020785411958256,0.10909768348502229,0.3150518295036035,1.8236573504728467e-06,0.1635133416370146,0.12764155867170138,0.39708091258072525,1.2145000023982703e-09,4.096671894744888,1.967258743590362,2.12941317132141,4.187129962515236,2.025481682953493,2.1616483046986135,40000,259.1505708694458,1026.025202035904
50,0.08182557668807718,0.46,0.08182557668807718,0.07724022998569617,0.2821965068241417,0.006759714749135924,0.08476213333922074,0.06953798039042114,0.21145406174146616,0.0037838273408410286,0.13434853799570962,0.09529643100946691,0.30867052230853576,1.2987672740211907e-06,0.1841782052638927,0.10713577896153095,0.37235321839534985,0.0013501069788901215,4.07045742635119,1.951604387997732,2.1188529553104147,4.172570486029859,2.0120482231732066,2.160522171159171,50000,259.97630190849304,1286.0015079975128
50,0.07983746399689486,0.42,0.07983746399689486,0.06622724885087343,0.268671686165765,0.006381689223903669,0.08222388654944812,0.06258513039409597,0.2134642399045766,0.002173329582909411,0.12597134637562707,0.10445112368789032,0.3142201686374829,1.20123692441324e-06,0.1698790633427608,0.12031814132578188,0.38479271593452774,1.1431595860932742e-09,4.071275639839857,1.950444175886448,2.1208314858655433,4.137015874736608,1.9927775021139487,2.1442384278572626,60000,259.18666648864746,1545.1881785392761
50,0.07753530159836951,0.42,0.07753530159836951,0.06044943587830132,0.2686865735142065,0.014438608882475118,0.08906616487796772,0.06928978896700855,0.2509403480463959,0.0033201627170015616,0.13164155181254963,0.10319905908803663,0.3119869347789856,1.507811279216611e-06,0.187578476863457,0.10195997304700427,0.38628309347452894,3.766954812014978e-10,4.053127175452182,1.9354426994908505,2.11768446120275,4.138720653407381,1.9907458993024658,2.147974769567276,70000,260.9257814884186,1806.1139652729034
50,0.0772602911768468,0.36,0.0772602911768468,0.06366073791109622,0.34176810126650176,0.029333648813872928,0.05955862919261798,0.0733752097591361,0.29265311594994387,0.0023771226075479553,0.12591377369384332,0.10737835761118907,0.3155675355893492,1.5446686415438183e-06,0.16168707674991115,0.11015459951905388,0.380149864154424,1.3889562183875403e-09,4.040355367317906,1.936475940507595,2.1038794322012278,4.122256599755481,1.977184458396269,2.1450721779709774,80000,262.0042779445648,2068.1182477474213
50,0.08520618377574227,0.34,0.08520618377574227,0.0722268407370135,0.3348882967056344,0.018125997220714816,0.08220913074162946,0.07736743646640883,0.28033364732501936,0.003941278536498742,0.11138028827748904,0.10963190315803516,0.3137941008754613,1.8697167551965804e-06,0.15720266505395303,0.1215547567169171,0.38467873984225276,0.0005555399411335313,4.0661164161607,1.9478610812995858,2.1182553846359786,4.1204322807167415,1.9791094327514984,2.1413228771974273,90000,261.7167398929596,2329.834990978241
50,0.07610694296338792,0.32,0.07610694296338792,0.06655386682110996,0.3374523432978749,0.00893785768446749,0.07517890351106704,0.07190248269148977,0.2735497529521679,0.0031692769438416107,0.11796415000064504,0.11351724863432747,0.3103934566786805,1.230448527995994e-06,0.16374233343625708,0.1265469848573938,0.39228293882340776,2.742482188020828e-09,4.057554008459777,1.944056185016292,2.113497783109151,4.106021276065964,1.9694583570518882,2.136562889730999,100000,261.2301301956177,2591.065124988556
50,0.08505099635535548,0.3,0.08505099635535548,0.07567864790524856,0.3423615701758663,0.008765903676991732,0.08833337376400915,0.07499231872220703,0.3038595689634135,0.0083781291096361,0.09372180206193903,0.1061194384551738,0.30863054422032343,1.0826448485989131e-06,0.13608659974330597,0.11071105282507866,0.3713259059824826,0.0010427323488925177,4.0875371683321156,1.964374784322215,2.12316238361782,4.100488908863609,1.96580430423144,2.1346845511752175,110000,259.6972019672394,2850.762330532074
50,0.07180402430964819,0.38,0.07180402430964819,0.05517107835460853,0.3236730721257918,0.002723621166000718,0.07074693512522753,0.061919283510646066,0.2769482187701849,0.004550865071864921,0.14311423753336108,0.09973555622613345,0.3235319386447356,1.1401094398410873e-06,0.1796851877102563,0.11200834451003969,0.38427765057964275,1.4904860277525345e-09,4.0449430958039185,1.9379614380646317,2.106981731173449,4.080892892812635,1.9560335435391696,2.1248593116146792,120000,260.0728554725647,3110.835189819336
50,0.07838902482319524,0.28,0.07838902482319524,0.06014391263202811,0.32419624863164553,0.0028705658962824058,0.07379923153449072,0.059162931461280585,0.291219102188439,0.006960369523016145,0.09863328754115797,0.10567098165604998,0.31522707335819705,1.4110304920152044e-06,0.13434135401517236,0.12143167286215265,0.3841619300934041,0.000502478964619972,4.0220684143042575,1.9163872766355696,2.1056811892022695,4.07391882539262,1.946749411382683,2.127169386086793,130000,260.4421639442444,3371.2773575782776
50,0.07531701562053103,0.22,0.07531701562053103,0.051891102430648824,0.287532746687064,0.01686160464310975,0.05795261320033073,0.059352454449013006,0.22647221436282952,0.0015466733823601344,0.1524050636646257,0.10448862317776308,0.3269985972264831,1.4847857463680362e-06,0.1906561072496791,0.11353864784158743,0.39310152537930587,0.0004555795537318623,4.028908371451805,1.9279422337987824,2.1009660990771812,4.079202645005645,1.9490928995065584,2.13010983080814,140000,259.92652320861816,3631.2038848400116
50,0.06647174554392538,0.32,0.06647174554392538,0.04021083678824015,0.22165547154926032,0.008322064596593468,0.0541874205972048,0.053105598446101236,0.1901094120478613,0.0048102235291750265,0.13503012914011084,0.1164864784879358,0.31506371232590313,1.0701370528164467e-06,0.17574354260563324,0.12716400286142063,0.37274118923655153,0.0020751689716708576,4.055483921563353,1.9318481261922429,2.1236358449430828,4.077106280191494,1.9501088813786251,2.1269973933751407,150000,261.0369076728821,3892.2407960891724
50,0.07566528747549527,0.32,0.07566528747549527,0.061010867458701976,0.351415212247522,0.0013283975450401689,0.05808810487649243,0.06408452958964682,0.30900004193967157,0.0012282170821115046,0.11300414715831533,0.11125517092166615,0.3208255264921061,2.0599389480053395e-06,0.1452724591266481,0.1215765706309865,0.3722334616000781,0.0004910172837291799,4.039411599349962,1.9277508822018175,2.111660706737177,4.061830248596856,1.9434011429421578,2.1184291120780303,160000,260.2238702774048,4152.464670419693
50,0.0645508668724271,0.4,0.0645508668724271,0.04400643455516621,0.21402198738026076,0.006271449516770517,0.06974547876353122,0.06350304936925712,0.2566379133183473,0.005047954414608612,0.13920445745107424,0.1192419571312378,0.3088776655937449,1.3114034221732589e-06,0.1722421928489078,0.1311058089176059,0.39039438052390724,0.0004776151527276458,4.056139418987873,1.93753513530605,2.1186043031057,4.072337544062382,1.9449675442584398,2.12736998854872,170000,261.28410816192627,4413.748782873154
50,0.08542231264469707,0.36,0.08542231264469707,0.08424361657959371,0.3837889719951868,0.0032310060342407012,0.087662922571555,0.0834673605539101,0.3541083134058457,0.003570774689412565,0.15006734111876704,0.12341648401961876,0.35077962899933546,1.4253116142680964e-06,0.18930588006390706,0.13779920027301987,0.39249111067641557,0.0007734535810018576,4.025002816735871,1.923575130384906,2.101427642534107,4.036228273909263,1.9235321903305898,2.112696090023423,180000,262.04543900489807,4675.794225931168
50,0.09463765413311247,0.36,0.09463765413311247,0.10671818139068288,0.39046944703410913,0.00860826643856244,0.09034634002338546,0.10561333249703089,0.35507581339048633,0.0034724482196201987,0.1579738754923338,0.11155916870304267,0.32489854951763225,1.12085559248465e-06,0.2039630678565006,0.12477114843118077,0.38258729523994295,0.0011376194816309785,4.039602982907945,1.933174357570976,2.1064286037221747,4.095711140348284,1.9639946220429623,2.131716592779388,190000,261.03869438171387,4936.832924365997
50,0.06039652598496108,0.44,0.06039652598496108,0.04763264060092502,0.24860820385115864,0.008293793669168005,0.07392499158052308,0.056530138407127756,0.24580767689322666,0.004855478888113345,0.13806041069348787,0.12075236919826018,0.3179798912335427,1.2519396062845788e-06,0.1721453792869831,0.13580223859386117,0.39156150634204484,2.645676082525448e-09,4.036550569408179,1.9310114476144502,2.1055391691878205,4.071517260202931,1.9473159450394406,2.124201309142062,200000,260.95441937446594,5197.787347793579
50,0.07350975694387019,0.38,0.07350975694387019,0.0724758695419241,0.39642662979777377,0.0033002679549974327,0.08132512978414111,0.07972212090477541,0.3779579289439962,0.003377320902117174,0.1581240104144649,0.11805577940464355,0.32993334186832096,1.4403380871803462e-06,0.2052924659623778,0.12640100224544448,0.38839366687959914,0.011736407643828925,4.035009920266213,1.9286531179287791,2.106356822473714,4.073538987674809,1.9469846225736165,2.126554373169198,210000,260.85229444503784,5458.639646291733
50,0.07130842616209533,0.4,0.07130842616209533,0.06184306545359755,0.2688108972356806,0.0007903313973461651,0.06713857577831601,0.06590986714210159,0.22786074875071183,0.005873867965598746,0.17843284016814714,0.11975780074061754,0.34504970741676605,1.1381433912731107e-06,0.21104516097777876,0.12800892793590002,0.39299698702497704,0.000795780848142369,4.052439698669085,1.9337256444718962,2.118714122135361,4.087132709321335,1.956504232623348,2.130628511200527,220000,262.12459683418274,5720.76424741745
50,0.0942414508017022,0.34,0.0942414508017022,0.09429647480424931,0.37493837267527463,0.000736010238953399,0.10067181459048195,0.1072472751639161,0.3733134156101506,0.0018614377961900619,0.12313117945372618,0.1103534932256923,0.32365466732441445,2.5307250069866117e-06,0.16722100651183877,0.11985819618472378,0.38077864680576406,1.2586791442695485e-09,4.076390363413752,1.9503174630387792,2.1260729374019833,4.07280875533516,1.948638987383779,2.1241698507880704,230000,260.596214056015,5981.360466241837
50,0.08707458769044245,0.4,0.08707458769044245,0.08029996579927898,0.31213921754786533,0.0023529858523613414,0.10268724285687199,0.08411472741463233,0.2910288520112916,0.006616054738499063,0.14491311971396517,0.10758864705740233,0.3198098575821532,1.9034756150905097e-06,0.20222683607858616,0.12262088878743756,0.3943180411297747,0.000767039742700924,4.048706537313763,1.9317378230591749,2.1169685939421536,4.089810266848055,1.9578612757849918,2.131948951396054,240000,261.1160078048706,6242.47647857666
50,0.08366804553012833,0.34,0.08366804553012833,0.07254433289485558,0.3892050258618942,0.004824013852038956,0.08755823031635539,0.08083156195723037,0.3716963944442217,0.0021381825336524514,0.1694624317555113,0.11723113168324455,0.3570687989062152,1.8465587292610578e-06,0.2218250959137007,0.125445285777094,0.37143746270391365,0.0009907847793788143,4.055378818069483,1.9295304183762338,2.1258484244088884,4.073815670335969,1.9514492809335007,2.1223663291118227,250000,262.3006558418274,6504.777138710022
50,0.07498727676345539,0.28,0.07498727676345539,0.04306597196051717,0.15718312298763026,0.0041762233516264265,0.07758433680782606,0.050911360236445276,0.17795646440771035,0.0019107433270565842,0.14800016512771794,0.107727191938956,0.3036676672913567,1.1184344442306286e-06,0.19390314877143366,0.12586102778906513,0.3902062245615223,1.8320949196418614e-09,4.040581943306999,1.9263950380851154,2.114186844264414,4.05553220459054,1.9406736808084963,2.1148585755891443,260000,261.19397711753845,6765.971123218536
50,0.07408261494032743,0.42,0.07408261494032743,0.060022769169008,0.26112696023145576,0.004980291986650903,0.0783707697767738,0.07967227293616765,0.25943319476234095,0.0013423393925737317,0.13119348758042748,0.10224669230750438,0.3210420761749246,7.867893189137581e-07,0.16498055572074521,0.11904589017994528,0.37982168346875245,0.0009515153468793166,4.056809292017697,1.9374429643717825,2.1193664367674803,4.063441955399772,1.940938718259181,2.1225031022860716,270000,260.67718052864075,7026.648307561874
50,0.09850489697957059,0.3,0.09850489697957059,0.09317281976138081,0.39780795746912245,0.009164793098177118,0.09307025481683623,0.0917294596065517,0.38391959980565693,0.006876024927803584,0.1861495324288899,0.10797644017570229,0.3495690736087665,4.127527001962267e-06,0.23507847114327662,0.11308895495209186,0.391193253931128,0.004052516828240619,4.061411824342746,1.9389718366815338,2.1224400405161994,4.09919319940954,1.964037881811746,2.135155442381784,280000,260.89111495018005,7287.53942656517
50,0.07290928452968583,0.54,0.07290928452968583,0.07328139638652957,0.2801479766273759,0.003046863881066783,0.09173683036087771,0.07171166577820381,0.26312624001102686,0.0064305380221676,0.1574367745258808,0.10366362034816466,0.34418275500187345,1.7086293787824207e-06,0.1974178046626942,0.11295168886200108,0.3739831527034605,0.012421451393849951,4.035910289554471,1.9238534176790052,2.1120569265583162,4.062294201202238,1.9356209386987364,2.126673230039782,290000,262.2077922821045,7549.7472224235535
50,0.13366450646920666,0.22,0.13366450646920666,0.08933688452278814,0.31828922558563943,0.022769319700651644,0.14612319896573456,0.09165034106105817,0.31157962510539894,0.003516228303829798,0.142455930192536,0.10808129399380366,0.32072676261485394,2.1170701211226863e-06,0.1871357664823765,0.11655857880065983,0.3805772553289915,2.0333363999816833e-09,4.045495301574786,1.9337799595737186,2.1117153698310656,4.070162663294315,1.9475723331256778,2.122590381931888,300000,261.0761775970459,7810.823404312134
50,0.06800930167536307,0.54,0.06800930167536307,0.07657169491220651,0.38116910035097673,0.0026082765542712505,0.08833003727840712,0.07587659248015315,0.38042063737013215,0.0013996934628947497,0.155951582013028,0.10892705098138245,0.3241214157590336,1.4515659913434862e-06,0.20448521008928483,0.12439540210676851,0.38524496600353464,0.009339078576241609,4.056543169723144,1.940808359479758,2.115734830660178,4.0915425849512514,1.9573247371524174,2.1342178376036007,310000,261.31458258628845,8072.137991428375
50,0.04599939003290886,0.64,0.04599939003290886,0.04589722749149067,0.27300403606261514,0.001971861684111269,0.05902926270964171,0.04807864751661715,0.2649169452967567,0.0030322251317569417,0.1746672847801809,0.0979678409916036,0.3211827237933748,1.9747585342873287e-06,0.22319635889426898,0.10873570398269158,0.38272900475221105,0.0007559914866399586,4.052283151347868,1.9353337213297166,2.1169494836100777,4.083046858541971,1.9520974816462462,2.1309494984228112,320000,260.4075129032135,8332.545508146286
50,0.08569067909175257,0.42,0.08569067909175257,0.08243599633228169,0.3979005621079862,0.005519266389544277,0.08910298561078511,0.09178507697994123,0.3850532488177807,0.0028564611215159447,0.17108783884727033,0.1064499335233259,0.3332248245382579,2.301743077310669e-06,0.20997493034774245,0.11786973150364091,0.3727582541543288,2.1083534124088626e-09,4.048794100819955,1.9302060922448359,2.1185879926855273,4.07539874958492,1.9513825096696085,2.124016246864435,330000,261.52471137046814,8594.07022356987
50,0.09094239435773539,0.28,0.09094239435773539,0.07270813379571966,0.3904767425655465,0.0027079535772820923,0.10498265707803052,0.07317073190286359,0.37474430115381957,0.004995539566964397,0.1391054485961237,0.12383918365062144,0.35959339756304054,1.1622744537877835e-06,0.1893778150891484,0.12621362504382058,0.3888113353584563,0.0004977361970718679,4.061167091322207,1.9431249944973723,2.11804209880252,4.07101211780274,1.939423719706148,2.1315885237322476,340000,261.0871548652649,8855.15738272667
50,0.09651142481971206,0.42,0.09651142481971206,0.10640124265473326,0.44666580714670173,0.006070895331201324,0.10111135613093378,0.10726411599026817,0.43185673881326664,0.0034074057756543976,0.17114634734209389,0.11850057073056537,0.3566733126145159,2.1230102781776623e-06,0.2218235490167814,0.137995141143777,0.38403465297920314,0.00042420578625887646,4.068701554219469,1.9468602903917918,2.121841311477534,4.053543143664038,1.9303578142483104,2.123185317213569,350000,261.2191045284271,9116.376491069794
50,0.06970848851164212,0.56,0.06970848851164212,0.0897774009407317,0.3977190599512373,0.002904834503489859,0.08055464337067043,0.08682564534611756,0.396281166509359,0.0028204763856257502,0.16026875564860596,0.10641369164341088,0.33926221790774674,1.3242536969175297e-06,0.2068560992598661,0.1268009357607822,0.38695099940262906,0.0004299154450699046,4.0543139948049305,1.9377050249967827,2.1166089163075994,4.057112258554197,1.940226338938739,2.1168859247734124,360000,260.7750782966614,9377.151575088501
50,0.0649881617573131,0.5,0.0649881617573131,0.07150781729406197,0.40173993997580426,0.002568405991762412,0.07366927513699328,0.07974808552945577,0.3622307942642556,0.004564864518410844,0.15173598951628922,0.10347803136105448,0.3297043223054155,6.74882292762956e-07,0.21108257296540994,0.10894048070422045,0.3857593446592492,0.02660172582038752,4.042190249298992,1.9230240929295848,2.1191661046803603,4.071692497105788,1.9464033335496653,2.1252891865979913,370000,261.18691968917847,9638.338502407074
50,0.0781100496227978,0.48,0.0781100496227978,0.09168541580218581,0.39866523107421353,0.0014809616385996138,0.1002846371494332,0.09294714881418228,0.39989346884923127,0.0017111920012438506,0.13204859759029636,0.10071864933166946,0.31800825779462183,2.7395947857086024e-06,0.1756802670027989,0.1235425378637822,0.38339730367046876,7.291067191677632e-10,4.059396715107742,1.9433986105451766,2.115998116762045,4.083002915381365,1.948502290405857,2.1345006343373356,380000,261.6898593902588,9900.028366327286
50,0.05488009792872453,0.54,0.05488009792872453,0.04197513173623197,0.23199877326492901,0.0022507131962137073,0.07659701117013987,0.054511527223881334,0.23443097380335626,0.0021063567176605067,0.14574809671141406,0.10360101668276299,0.32452908540022457,1.375727964806973e-06,0.183442860552566,0.11465898571084204,0.3859700226852564,0.0044106262542645104,4.078870910816224,1.9523576215023424,2.1265133629474917,4.061822882381615,1.9375250378294961,2.1242978843160256,390000,261.139940738678,10161.168311595917
50,0.09069044578091902,0.42,0.09069044578091902,0.08619054540536888,0.3581679803006599,0.004412428624746714,0.11876875347516722,0.08375175390595427,0.33223037683947537,0.00679117002756781,0.148648043085086,0.10586445580904617,0.32248402722972935,1.751535755688494e-06,0.20559688358505682,0.12007283752888762,0.388706449295443,0.00035186161397916305,4.039480552252512,1.9279918985770972,2.111488703430646,4.081957714401688,1.9499675760828012,2.131990239508236,400000,261.64662742614746,10422.814943313599
50,0.051743531459317184,0.58,0.051743531459317184,0.05122934549447056,0.261929674776766,0.0026224908790696976,0.0606861408376433,0.05395119496623106,0.25160105785421816,0.0026237380213397256,0.16330960390822544,0.09999086031541171,0.3273073619573401,1.8473623459695154e-06,0.21318629948107432,0.12220279389316094,0.38308714704345187,0.008538393045378847,4.055451910203803,1.9309702399834856,2.1244816295968785,4.088290278731425,1.9657932502012696,2.1224970465756434,410000,260.6874794960022,10683.502426862717
50,0.03857165297420363,0.7,0.03857165297420363,0.026206371025655782,0.11058576188120775,0.0037396881511992616,0.05747545552795223,0.04481190543660002,0.1961777636242753,0.0019227318962062314,0.13003375779522325,0.10829555815775768,0.3345174271461321,6.103234729648641e-07,0.16979350939719726,0.1255193487649413,0.3808641297522472,0.0009167880820256154,4.062954760177478,1.936682705182287,2.126271999446197,4.079177934715506,1.9527886409441249,2.1263892708702192,420000,260.79301047325134,10944.295441627502
50,0.047510051966335204,0.76,0.047510051966335204,0.06508871642868053,0.3472251180594216,0.0027058294470106437,0.08220161823027784,0.07205164200842251,0.3730044180748045,0.0029300117203067966,0.16274122409390046,0.08985238679184232,0.319913088385614,1.5261811012357664e-06,0.21557657287505147,0.10344716907780692,0.38782831611433194,0.0216147325089025,4.057564636051987,1.9311340823390517,2.1264306078650996,4.071387116539741,1.9406868905584784,2.130700180907793,430000,260.79446935653687,11205.089916229248
50,0.05287918273460052,0.5,0.05287918273460052,0.033519995692746725,0.1501540411246303,0.006326607875463579,0.04731407858244876,0.04375256939129258,0.20364653621312148,0.0012055644945167714,0.18448958776540209,0.1137806211321405,0.3473916737356318,4.431184923834281e-07,0.22272311665702005,0.1327154771640029,0.3894412240012863,0.0010464532783996023,4.0413508896566945,1.9238608085283084,2.1174901259182066,4.0389157189980605,1.9257327774606485,2.1131830084749734,440000,261.1077673435211,11466.197688102722
50,0.0797057091562073,0.46,0.0797057091562073,0.08210178125295513,0.3521115090621703,0.0065039835785327075,0.09498750277997223,0.07476016535390545,0.3715132813232711,0.006305866187854498,0.15417728032090564,0.10025716025800975,0.3435325334516342,8.904472420429044e-07,0.19356822676549842,0.09806541270839696,0.37525431145133326,0.01818111775149159,4.062613501576697,1.9389581597383656,2.1236553802082874,4.068829274216808,1.9379825875148318,2.1308466743067975,450000,261.33725142478943,11727.534943580627
50,0.05489153239489779,0.46,0.05489153239489779,0.039289852305223236,0.217767881460615,0.003951003959064038,0.07714007355548257,0.06152609716634279,0.2443765152046388,0.0027549224625118135,0.1321225050184261,0.09632409195741147,0.33207266252541884,8.850194979375706e-07,0.1771776710953804,0.11864558525994189,0.3824990286225886,0.000690522864200118,4.085552017206643,1.9575378061829443,2.1280141935736396,4.043343646201255,1.917350391497044,2.125993176587863,460000,264.8088185787201,11992.3437666893
50,0.031753641230554325,0.8,0.031753641230554325,0.022542419595031744,0.0893554231453773,0.0013240109408620354,0.05229441103656789,0.0315875894738264,0.15318655693173125,0.002793556801990244,0.13746834354880497,0.1018540967224325,0.32688363863203285,7.738188941130904e-07,0.16824598173578617,0.12468864134261408,0.38608847907376626,0.008059899641389917,4.052425057976902,1.927488085072616,2.1249369602956003,4.055084893205046,1.9352281099902287,2.1198566959004164,470000,266.59569931030273,12258.939470529556
50,0.06970423663649282,0.56,0.06970423663649282,0.07132329847795799,0.33017419563892036,0.0002824923004953338,0.08764725764621172,0.08644833789378432,0.3705822360099528,0.0021164616732442486,0.10390977598715871,0.08669397640899118,0.29414298846123643,5.857690408324374e-07,0.1359163288172035,0.10478110716252355,0.36975800576408174,0.009784539287182712,4.046285296160216,1.9292173287776337,2.1170679475170844,4.062265279468495,1.9357638167374296,2.126501452658502,480000,261.1618583202362,12520.10133266449
50,0.031114925632623934,0.76,0.031114925632623934,0.02368639849274354,0.08707513051086485,0.002898288898085882,0.05019298361832844,0.039367585273509295,0.15621134715576476,0.0034987372343789347,0.1607945708069517,0.10606940679854486,0.32197037939834616,2.04171686121222e-06,0.21114413503461993,0.1133636146109687,0.38115865068222726,0.007785208185400025,4.053406354668465,1.931489703415728,2.121916687115461,4.064672350182067,1.9432069942070032,2.1214654782889877,490000,260.06233859062195,12780.163675546646
50,0.054321369684055265,0.7,0.054321369684055265,0.08437113044504295,0.3813751526036797,0.002270256909214517,0.08917334020984534,0.08907541526768131,0.3867521932310408,0.004288280200442107,0.15799040632953687,0.10355615010722194,0.3199515243392052,3.812464425915938e-06,0.21795560572126216,0.11880069410207748,0.3870165607318032,0.005027253019019795,4.062854957106314,1.930881573413012,2.131973456002357,4.08885530843597,1.9537677400552067,2.135087481654638,500000,261.91842770576477,13042.082107305527
50,0.03432480342718311,0.74,0.03432480342718311,0.027934219077294074,0.1275503587239064,0.0021366079395307076,0.05278309344909861,0.037699849259138635,0.1531631713661019,0.006870183735458852,0.14569795688662937,0.10647357018828156,0.3270185362795531,1.1224347114361143e-06,0.18520121818132723,0.1277558059088632,0.3900859654482074,0.015468671865232556,4.0468058959933275,1.9320683845153375,2.114737610729946,4.0757123089198775,1.9432248806749959,2.1324875293489036,510000,263.5270507335663,13305.609162330627
50,0.03757119813801485,0.76,0.03757119813801485,0.03250779478733704,0.1808502247623244,0.002058828966656731,0.04305941063406638,0.04668209926500508,0.2880668942722916,0.001452482813813794,0.18645176294389237,0.11095831694504113,0.3317316291528108,9.878871693755543e-07,0.22241565928207063,0.144100363707037,0.38966948168278354,0.0006192181071906837,4.064640032995069,1.9335268394958758,2.131113158008145,4.093601344537763,1.9588525266145167,2.134748777507352,520000,262.41714334487915,13568.02631020546
50,0.04728596820789445,0.68,0.04728596820789445,0.05740875579154026,0.3114560062077123,0.002784571857516523,0.07859167982936635,0.06829130615623584,0.31350662925286554,0.006617792424386222,0.11205575127561508,0.0966632200238724,0.3260030204162815,5.182894338105894e-08,0.15298138052131688,0.10807554741446429,0.36277655594852776,5.151263875623795e-10,4.046485583398478,1.9312023957216395,2.1152831990247707,4.07699577243464,1.93833347944492,2.138662317796604,530000,261.22140884399414,13829.247724294662
50,0.04329545245693233,0.72,0.04329545245693233,0.03823950119699171,0.2006165996852135,0.006654770480440705,0.08105543399988717,0.05281647862987511,0.20646501280054502,0.005191940484944799,0.16138526655978339,0.1011136691955603,0.35204392182636135,1.5723829374207348e-06,0.21826210067341878,0.10102011150750967,0.38426193426524935,0.02954870079354127,4.033961944482141,1.9117711372112964,2.122190856281073,4.0841858647653355,1.9505427152588402,2.133643158490129,540000,260.96306467056274,14090.21079325676
50,0.05009285358649395,0.66,0.05009285358649395,0.052908863286523666,0.2725818320568669,0.0025121409310707348,0.06203583485738117,0.0679560361596813,0.3323369707476513,0.002491595358334994,0.12944900093642037,0.10904040417597528,0.30823840488497145,1.6205874445479123e-06,0.17555662208105563,0.12063374062706587,0.36621351657905926,1.9904192980175583e-09,4.05417428925914,1.9362118356251385,2.1179625187724693,4.069324295771995,1.939982032248199,2.12934224579352,550000,259.99056458473206,14350.201361894608
50,0.056667449083223735,0.7,0.056667449083223735,0.06842522178974356,0.28372176478787436,0.0020107142870351923,0.07914446429425856,0.07119479830465,0.2891718830801291,0.003612069261494772,0.14889245445219904,0.10165127886106846,0.3122414404414951,1.316052875176038e-06,0.19603602731774475,0.11149905413941527,0.37805868060761855,0.019971031981735443,4.062122764121522,1.9391011918428114,2.1230215376068378,4.074418364237036,1.9511500982890053,2.123268338119486,560000,262.93864917755127,14613.140014886856
50,0.037026340744703436,0.72,0.037026340744703436,0.03686066960951589,0.2184626654001715,0.0034397710763541885,0.0674830969292674,0.052618393247422554,0.2503200600965463,0.0028477078338663793,0.17736329951173754,0.10493473359990514,0.3249815321640763,1.5141092807682663e-06,0.23741824651380977,0.1102068155302776,0.3833785057865332,0.01292953816034906,4.048527969594503,1.9322494295647035,2.116278602726726,4.049809286633326,1.9254143853629466,2.124394833673449,570000,260.9563567638397,14874.096374988556
50,0.037763990912401985,0.7,0.037763990912401985,0.02421962753391248,0.09030687548180456,0.0071581470542617,0.04309501454377205,0.03688282355594904,0.1507917069126945,0.0020060806210989027,0.12758532934342395,0.11237108081171965,0.3152279422033664,1.0187946208769494e-06,0.16745873673383152,0.13056264523044467,0.3726868854908279,0.00074523942001593,4.048707413109222,1.9224123187201754,2.1262950506618044,4.1059572170755265,1.9687846670924127,2.1371725282973224,580000,260.5216209888458,15134.618000030518
50,0.049422438360135885,0.8,0.049422438360135885,0.06139139186520492,0.2899844903109678,0.005201026574697854,0.08510482169614635,0.08485567493954581,0.3847453565699374,0.009027767440901975,0.13985722282481708,0.09753007464425223,0.3206841611225048,7.891296022161482e-07,0.2009863861520365,0.10385506175576643,0.37605544262415835,1.1068401164249177e-09,4.041356798230929,1.92151237162343,2.1198445020812495,4.058771645975066,1.9318486694597,2.1269230129078376,590000,262.1454870700836,15396.763491630554
50,0.04545617509674393,0.76,0.04545617509674393,0.04351921845355554,0.22410350200481668,0.006095284682433172,0.05260080318247739,0.057569494428656456,0.25770566111704485,0.0035188547688616238,0.16976067047927398,0.09700019121237838,0.3260231175334548,1.9582514493189845e-06,0.22605127990276666,0.10403384623521407,0.3833201135881681,0.014264063669623853,4.055018082481497,1.9270028260724936,2.1280151342384097,4.07497341659335,1.9393906854562457,2.1355827255430415,600000,262.14837288856506,15658.91186952591
50,0.04566212750546929,0.7,0.04566212750546929,0.04084174623004924,0.17888193390899407,0.005049472615632096,0.055072713515982814,0.04009707400238458,0.17493176550909778,0.0035924231763959395,0.16848563677086772,0.10129294582686207,0.3513990073652059,1.1333703746296404e-06,0.21644789362039912,0.11832797229914947,0.38217569628466225,0.019905668929184887,4.057428159786979,1.9330416471308933,2.1243864858346,4.079299586169152,1.9472733390723898,2.1320261962176,610000,261.8482825756073,15920.760156154633
50,0.03988664671219632,0.76,0.03988664671219632,0.023375856860703297,0.0970161990549719,0.0033380976735833635,0.05616306639917911,0.047817522727058394,0.16906530217203003,0.005176235512789648,0.16235207249200884,0.1047454160882577,0.34106699461673223,1.2785367908944579e-06,0.21474815403162573,0.12369062717850403,0.3881140971951142,0.009740683349305097,4.0614504350330085,1.9306347188194386,2.1308157290028427,4.055297286085018,1.9322472741348753,2.123049972315116,620000,260.40639328956604,16181.166553974152
50,0.03412107314603613,0.82,0.03412107314603613,0.040442376685627474,0.23872447203885797,0.007173374142767357,0.05651784079940275,0.04046167278620866,0.20157639989925802,0.0019197245600090132,0.14637883696329151,0.10001450159194263,0.3145406138408362,5.07485084282676e-07,0.19596217740175015,0.11008010749565142,0.37795882617615556,0.0074958365174151356,4.059906477283282,1.9331159407061076,2.1267905918211456,4.086332979597897,1.9549141885019956,2.13141882280708,630000,261.3187348842621,16442.485293149948
50,0.051463876270675335,0.64,0.051463876270675335,0.044244699495605486,0.21899109917549725,0.0018960514142399754,0.07714348734414872,0.06242393097117997,0.24538010118369968,0.0050838504646866884,0.136110228501145,0.09911673408204819,0.3122216043225391,1.0617663061227252e-06,0.1905903969330299,0.1028006425927508,0.36032857983273836,0.019927874073860867,4.079420469568033,1.9481625815670747,2.1312578526819523,4.065888540609912,1.9360010219273724,2.1298874739642035,640000,261.86062026023865,16704.345917224884
50,0.044441410024312705,0.74,0.044441410024312705,0.04505294563593738,0.2490776414192839,0.007210151019344508,0.05106481257428617,0.049391088150804355,0.2714378492007813,0.0028633800281610096,0.1591601851702767,0.10625791565257946,0.3619342180470992,5.176886868388244e-07,0.1961609234234101,0.13182168431559818,0.38153656199396474,0.0010279076751263563,4.064386385857755,1.941036534657565,2.1233497750928656,4.047561631515545,1.924732331968672,2.122829290367196,650000,262.4453365802765,16966.791276216507
50,0.052975714420182465,0.62,0.052975714420182465,0.06257194851397987,0.3668534333391513,0.003681370336443474,0.06185774673837538,0.06928972370372115,0.38180203363801773,0.0012405417302201061,0.16080122354730894,0.08077458274932216,0.32014133412732065,0.045479988025514194,0.2104977838111936,0.1031027679837409,0.375108681403642,0.006820434735271914,4.059495964941758,1.9400235200399054,2.1194724055690037,4.047812899461474,1.92864445918697,2.119168452848997,660000,260.4940104484558,17227.28529024124
50,0.04160752716913349,0.74,0.04160752716913349,0.06266840272880296,0.38907027992473436,0.002650759154157228,0.06926935485926751,0.0653643780303073,0.3956544776292666,0.003681274787622889,0.13419688483978626,0.10042291390917346,0.32738214421451617,1.1658604744747697e-06,0.1784029177225946,0.11731573014112436,0.38252589338319537,0.009450855642192637,4.06546880128419,1.9407428424619868,2.124726008264106,4.068208299705924,1.9338025205044445,2.134405799155971,670000,260.41789984703064,17487.7031955719
50,0.06069521146062882,0.6,0.06069521146062882,0.05891183246938739,0.22506029466244373,0.0045264806758683225,0.10348232597060023,0.0744533652278999,0.24654421878843183,0.0028279470626105473,0.11798639050734923,0.10347197348942508,0.324821795046892,1.5004022573748139e-06,0.16151987231863438,0.12415606322023887,0.37890979734956204,5.86574608156124e-10,4.082846930142202,1.9513061947530648,2.1315407942175666,4.067794059448899,1.9425194324793327,2.1252747415500677,680000,261.77721190452576,17749.480412006378
50,0.03730213158984705,0.72,0.03730213158984705,0.03030767815142266,0.14321631091180287,0.004468062172159402,0.060001177814455596,0.044734716863018116,0.1849111261465085,0.004707337987665946,0.1693277169393493,0.10574601840212021,0.3230805242933803,1.5798379470360222e-06,0.22911176151114543,0.1088283084550738,0.3747480065373111,0.01687469298252731,4.044631348515324,1.9140015762823501,2.130629748014261,4.058217539275131,1.930791146694804,2.127426451840652,690000,261.50508165359497,18010.985498189926
50,0.03531370577135131,0.68,0.03531370577135131,0.026206496986832407,0.09993920222772033,0.0033235248332348527,0.06759331803249698,0.05425119193537725,0.1844269376848943,0.0022488052495715167,0.12721124681428692,0.10293230168425734,0.30750391673512656,5.960823841237967e-07,0.18522978076133045,0.1168114871741452,0.36216742643834854,0.002377860112281388,4.071903435276921,1.944267342406374,2.1276360263594727,4.063748031837564,1.9338837476349235,2.129864301163693,700000,260.3758316040039,18271.361333847046
50,0.05275968530417169,0.66,0.05275968530417169,0.04843967884765416,0.22107289867552304,0.002171437990586394,0.07647317026315553,0.05622658382952312,0.21872027651744852,0.0059205534233086506,0.1638040470459411,0.09375883292346637,0.335834144994252,0.006635241178416951,0.215314852969919,0.11344015048582955,0.36915239897614655,0.002926329198150752,4.060008070625749,1.9281985554665824,2.1318095679913753,4.088572655392799,1.947325037170321,2.1412476557509827,710000,259.9336004257202,18531.294938325882
50,0.03948133318487582,0.72,0.03948133318487582,0.031048409088324125,0.18149203889834312,0.003498297432697391,0.05179401780274911,0.04313897068750192,0.18742219782839936,0.0029637322499943097,0.14814617176649797,0.0997205762231146,0.337724984247964,8.610389382245809e-07,0.201852807375417,0.1141560814016693,0.3653096348459124,0.010359519744523595,4.069088908057344,1.9454972907055417,2.1235916651574573,4.073424609181336,1.941044338215207,2.1323802155161538,720000,260.97982907295227,18792.27477169037
50,0.035028810049919985,0.82,0.035028810049919985,0.02600933153318808,0.14363734434734654,0.005543314702832879,0.04721889210435336,0.03855702461382439,0.16430970240258963,0.0029482403961373135,0.1598800620446227,0.11280623393897277,0.32448932078730025,9.327258805452237e-07,0.21432976941551501,0.12687716162719875,0.38116455458419757,0.007019850043697658,4.054943367291483,1.9254283052778656,2.1295150490116606,4.078643876047463,1.9470242748001005,2.1316196634031743,730000,261.00502157211304,19053.279797315598
50,0.05348838292278372,0.7,0.05348838292278372,0.06128911362110607,0.25970591463998266,0.0003799605125407841,0.07694047033382148,0.07539455306725974,0.36330031937661694,0.0017546820041572017,0.14996123975304454,0.11092606426363848,0.3213081668468166,6.924152395389432e-07,0.20730380370301515,0.12823648656255915,0.3898540373866914,0.0005190280932894195,4.068451720241792,1.940786308644442,2.1276653335369216,4.050191083779294,1.9211389741776395,2.129052135400972,740000,260.32223558425903,19313.602036952972
50,0.04478465002139033,0.66,0.04478465002139033,0.03968353144276192,0.2050930515203677,0.0020089897743730935,0.06588774102285912,0.061754888294247745,0.309115531514013,0.007724844371190088,0.12704146108771155,0.09912181636821624,0.33312208984183667,8.460414264654977e-07,0.18684598576726022,0.11545440772779172,0.38154803609570315,0.00048368517077198935,4.0675383078958225,1.9332291333378129,2.1343092113426274,4.082873323892123,1.9483604451903882,2.134512841773796,750000,259.76584362983704,19573.367884635925
50,0.055201542601058196,0.7,0.055201542601058196,0.05912027233716827,0.2330731629436859,0.002300349526407493,0.08602070686293023,0.06555715762095614,0.26010765365882366,0.006875388360558343,0.14771076475658962,0.09834218755009512,0.3288352074580088,1.2641529350394988e-06,0.20596466196401894,0.10858218758199116,0.3836422629212607,0.01191571732779502,4.083580893227067,1.9493303667530189,2.1342505172240536,4.065024422792732,1.9363450609043271,2.128679332744081,760000,260.5356750488281,19833.90356373787
50,0.04514703336369876,0.74,0.04514703336369876,0.06311364548155285,0.39695463121648633,0.0014882184742519304,0.0770870547536818,0.06012294204750559,0.38009042884344924,0.00289522994842848,0.14436430866853658,0.09331368459044037,0.3357303104289,2.2301447195145634e-06,0.19182084544478467,0.11684142438160178,0.36415503524588383,0.0002107921013526029,4.082083466723013,1.943197758591316,2.1388856371513123,4.074893851309574,1.9418410794652643,2.133052630487034,770000,260.34461426734924,20094.248182058334
50,0.061549382408246235,0.68,0.061549382408246235,0.07907800219175047,0.395445677113767,0.0025896828639935597,0.07726369948736139,0.08034161423369958,0.3986031404287052,0.0017501818038995797,0.15097353949882908,0.08532962180972439,0.3292534212753534,9.803293176538731e-07,0.20232703209252115,0.11082924306463605,0.3634266872922184,0.0012209430815738756,4.038325422054806,1.9193527576209073,2.1189726622847505,4.065435896497057,1.9383480715305543,2.1270878016278614,780000,260.22284507751465,20354.471030712128
50,0.03615527062478763,0.74,0.03615527062478763,0.02227872427886267,0.10666663875495264,0.0008100171044794846,0.0439805463126259,0.0349812402206329,0.17897775158640858,0.00024988230212847636,0.15318130737224306,0.10595210504105827,0.33127051521483386,2.5645674738433295e-07,0.21012223469454816,0.1284767737104938,0.37764728176413076,0.0007777189170901471,4.046486066362158,1.922226736971405,2.124259273516671,4.060722269830723,1.9319980356269688,2.128724213527935,790000,260.55060172080994,20615.021637678146
50,0.03234130096178366,0.86,0.03234130096178366,0.021526618211502993,0.1068750690947969,0.0037826006819978945,0.0670662149514795,0.03376469357300471,0.14792481721957013,0.0065826628392879625,0.15600081007672467,0.09032376343414332,0.32548039345118485,1.032407849693603e-06,0.1960869683167636,0.1166911712457232,0.38979799708801377,0.017292925237116747,4.061791075014419,1.9365686630089378,2.125222425280393,4.0704727547253645,1.9374643886988987,2.13300831661802,800000,261.84712743759155,20876.868769407272
50,0.03628264892646342,0.8,0.03628264892646342,0.028343978086741606,0.11468164680151852,0.005544139629235759,0.05839155257220972,0.0433184820204199,0.1590385463593178,0.0038605641477744515,0.15738787087586686,0.09282900579313154,0.31728174109754753,3.002906918016901e-06,0.2204663443951417,0.1191107877156879,0.3747306771278347,0.016057321655108592,4.049083217155068,1.9326540952479658,2.1164290378601054,4.066100444718488,1.9405604567714227,2.1255400374965694,810000,264.555123090744,21141.4239051342
50,0.0391027246552783,0.84,0.0391027246552783,0.05195893008913339,0.36979369930152556,0.0021643408247764492,0.05987255756628576,0.05548858624834227,0.3889867706397695,0.003997020985404909,0.1743169659687673,0.09139216422473238,0.33361226730894566,1.867505378050879e-06,0.22391146960972158,0.1074043186167989,0.3711698355953573,0.008715884190676187,4.059811103556315,1.9356208217704585,2.1241903215487556,4.052503661667846,1.9246642470429907,2.1278394739197206,820000,272.56504130363464,21413.9889523983
50,0.056349167846516446,0.7,0.056349167846516446,0.07977320567377978,0.38035338535990854,0.0029368718901256804,0.07952720033705886,0.07301192280464817,0.3891181596669649,0.011241460169813722,0.15440123107747575,0.09302988595049413,0.31430182610144974,3.648784413263392e-06,0.18372697868496432,0.12367431528488126,0.36517971547261285,0.0017350771574766459,4.044083732072536,1.925331659993661,2.118752202147184,4.0504799984096564,1.9299119006857741,2.120568092139415,830000,263.8790509700775,21677.868007421494
50,0.033754432645745354,0.82,0.033754432645745354,0.03255763793515539,0.15274632998684637,0.002620793608808473,0.059530772278203206,0.04032878124451054,0.1887231663746075,0.004738831852981271,0.17239750661268402,0.09504499649372956,0.3282445608308707,1.7204888391958723e-06,0.22550499975654567,0.12091625934995064,0.3728841285787482,0.0023458425961280847,4.044304097279688,1.9223811723195612,2.1219230267414644,4.046031681993108,1.92352264206726,2.1225091167895163,840000,269.73763942718506,21947.60565805435
50,0.05932737195700089,0.68,0.05932737195700089,0.08396922817099023,0.36482659154833336,0.005595585127533607,0.08407082379524904,0.08921246225531254,0.3819479265440103,0.0015984956685181338,0.13671062277959747,0.08790553475094445,0.31772715843571003,1.644293617524693e-06,0.20614926182254764,0.11535371438651863,0.3844551858569154,0.011060314068498795,4.066355065514192,1.9349152488866848,2.131439759991731,4.048399763209321,1.9292973024932238,2.119102576234651,850000,262.50431537628174,22210.10997891426
50,0.042688158914039355,0.7,0.042688158914039355,0.03706321461777232,0.22009013917189446,0.0038255051321110013,0.061430251205017265,0.044667202753160995,0.23090457376724408,0.0003191863811410048,0.1556239843801888,0.10294322975882945,0.3349820348211162,9.695365623303389e-07,0.20857952963212922,0.11541116211881577,0.3755675022224795,0.012630665701639036,4.041141827793904,1.9224766959929749,2.1186651297391106,4.090249004158077,1.9554441815606778,2.134804830489214,860000,260.92653155326843,22471.036514759064
50,0.03377189518187787,0.82,0.03377189518187787,0.04310950193980845,0.27152854067268045,0.0005372198211518841,0.05631628023314885,0.04703938658914901,0.29170332360656465,0.0009574996389231753,0.17189461711644433,0.09926959780907713,0.3538326943459285,3.1476377421919928e-06,0.22314718747399825,0.1139136244367836,0.3748570142203367,0.007350867213448257,4.058816261546449,1.9253954868390668,2.133420788808645,4.062020180196293,1.9300443926403341,2.131975887455147,870000,259.44354724884033,22730.480068206787
50,0.04328619074146772,0.66,0.04328619074146772,0.04782600446628149,0.2326883740462316,0.0009074835737855856,0.05409999856636154,0.04954293749540133,0.2538885662644941,0.004487591405339718,0.1555863253367493,0.0925537641939677,0.3181559517934696,1.0862970574325682e-06,0.1987839014961319,0.12055634330987673,0.38532779129766553,0.0019411827173765484,4.04718412461082,1.9325542241443594,2.1146299455123283,4.082898417689293,1.9487072609457317,2.1341911031152216,880000,261.0264675617218,22991.506539821625
50,0.039518805816158104,0.68,0.039518805816158104,0.03174262000003577,0.15586565748611653,0.0029405492423043387,0.06942810514904192,0.05445261966408352,0.19063445886540906,0.0024267662280748744,0.17141149050764043,0.10963724898690201,0.33756163747473034,2.3728582126862722e-06,0.24104840715517784,0.10754481222015959,0.37359004187621864,0.05644829146434198,4.056488042235908,1.9240297901832057,2.1324582312996023,4.082532430395385,1.948878359698017,2.1336540302177998,890000,260.318332195282,23251.824875593185
50,0.04872606408716942,0.62,0.04872606408716942,0.0361903094347847,0.17816845213367527,0.0021160470639666673,0.05705702117498209,0.04119029156995604,0.2119612973083025,0.0056222459179949315,0.1417492286652983,0.09301397664572986,0.3224058401947363,1.0105776720272245e-06,0.18858512825232981,0.11797069946557892,0.37056090063094155,1.2918890991621193e-09,4.035145891000928,1.9159169265127187,2.1192289905258366,4.049402178972976,1.924478191327208,2.124923929332679,900000,260.1697418689728,23511.994621515274
50,0.03532260151894409,0.8,0.03532260151894409,0.03808996694058004,0.17879261619829556,0.0028347453677412715,0.061435460625566304,0.036833923333256004,0.20050432987047045,0.006592104182630152,0.15445962624597664,0.09519054857304107,0.3568178675927774,1.80688021471718e-06,0.17960206405702736,0.1258373519526298,0.37518328191700967,8.782030709813954e-10,4.033825044243576,1.9139173029700136,2.119907686691149,4.049273775372281,1.9253072035996193,2.1239664996565777,910000,263.6124927997589,23775.607118844986
50,0.05307313932665894,0.7,0.05307313932665894,0.05442281186671891,0.2436778683760769,0.0009076971114751254,0.06631592454299237,0.0675670726069896,0.30419997327601683,0.0019374509106236224,0.15810110246235232,0.09582188269578787,0.3185520280170381,4.199383683559292e-07,0.19761072100874055,0.12014273107164586,0.37637207750183704,0.00030686082417936397,4.062690524602291,1.9393296797640078,2.1233608813252443,4.060286383990734,1.9340351726794238,2.126251216079398,920000,259.6967146396637,24035.303837537766
50,0.046817433452968134,0.7,0.046817433452968134,0.04219649404483483,0.19337143826679107,0.0039479672301599164,0.08918617461139552,0.05911230419605001,0.21925237622652752,0.004469817260483763,0.16179925238261184,0.10054190325706752,0.3473911835399276,1.117882511142703e-06,0.24302523123837744,0.08914987892442916,0.37689242842361437,0.019894583131889697,4.075290911897494,1.941048861560677,2.1342420282777916,4.074213984105948,1.9446853592118465,2.129528646117181,930000,261.084552526474,24296.38839364052
50,0.04910026566143524,0.7,0.04910026566143524,0.05996372929415295,0.2873354119649243,0.0031718110125482273,0.06904404920899425,0.06479033986189407,0.318211745784538,0.0012057213428704595,0.13122728187259727,0.09074082456949377,0.2989207870218758,1.247023843360914e-06,0.16653196820371177,0.11810311077765653,0.3774539946049126,0.006953491337699835,4.075335365188324,1.9427218419591314,2.1326134216392987,4.072742294621842,1.9375001806712862,2.1352421918302533,940000,260.41238474845886,24556.80078268051
50,0.05997279459622493,0.6,0.05997279459622493,0.05903445007596098,0.28008155488360253,0.006872780561674011,0.07101328263496581,0.0638191066084017,0.313325937577733,0.00295129352032109,0.15020730045831254,0.08694038053411228,0.31330032403669145,1.5978591624588937e-06,0.20141373629924333,0.10719473511727191,0.3803186830929705,0.008741356647517448,4.064313877853459,1.9397788013710278,2.124535088378852,4.079707940505734,1.9421364671712804,2.1375714010935543,950000,260.17007756233215,24816.970863819122
50,0.06061218072150223,0.62,0.06061218072150223,0.07771782646164557,0.39009817555262977,0.0005336558226393708,0.07502155551878296,0.07947862081367499,0.396662632897819,0.006529833623007696,0.1332870529424181,0.09887378082450761,0.31258366306298835,4.197563022464053e-06,0.17477988150810714,0.12377642693793915,0.38306329180326476,0.01571519236412258,4.047248822714742,1.9199225997571647,2.127326151003585,4.064571605197557,1.9271362192656019,2.1374353791381613,960000,262.38704442977905,25079.357912540436
50,0.04111614867590367,0.7,0.04111614867590367,0.03159839304905513,0.11235610968449843,0.0021309545588157736,0.06164162173175132,0.05263438184626859,0.19911071172903055,0.0013213191855909736,0.15858217324429297,0.09934999279616617,0.3236052920780073,4.3366321936704236e-07,0.20812760896234953,0.12040203395485542,0.3830389360246313,0.014895421394212892,4.044631562371509,1.9177574506607036,2.126874051103955,4.054762288973676,1.9284953162043035,2.1262670085322504,970000,260.4137341976166,25339.77165079117
50,0.05543565267199676,0.7,0.05543565267199676,0.06902613209352744,0.40234542804505774,0.004612285739428879,0.0702407747274574,0.06813361046755687,0.37660367097516684,0.0037359481640169144,0.14972777422020622,0.0941312460272097,0.32675059534429507,3.2811507793370402e-06,0.18900354728192087,0.11677123669828207,0.3827447988564334,0.015871808741207354,4.055189162979961,1.927573307634745,2.1276159295523223,4.054284957588829,1.928891012473557,2.125393977207664,980000,260.2049539089203,25599.976608514786
50,0.0526240260914084,0.74,0.0526240260914084,0.06829393300054158,0.3820686235338709,0.0009534318961185785,0.07849913563709925,0.0733616974527909,0.384301882563666,0.003326365013442155,0.14700045725566746,0.09495225266450628,0.2990737797376124,3.456916865205354e-06,0.2183359515826175,0.10068921314216533,0.382105351858129,0.016892870884441295,4.059575715060559,1.92725486055927,2.1323207863290943,4.077560686111443,1.941914418786133,2.135646251182108,990000,260.1436097621918,25860.120222568512
50,0.027420598165200937,0.88,0.027420598165200937,0.031168566046545432,0.17727555179790916,0.0005183758270298995,0.059781814238042755,0.038411946688286305,0.1931924039217377,0.003627152609390168,0.16001254560887218,0.09536603163634155,0.32118667099997794,6.861397318061082e-07,0.2144985337755352,0.11527155718145309,0.38378734436978523,0.006152220950738445,4.081175070768339,1.945972930833867,2.1352021121728293,4.077861284624979,1.944881701696385,2.132979537077618,1000000,247.47521209716797,26107.59543824196
