Eval num episodes,Eval avg final dist,Eval success ratio,Eval final puck distance Mean,Eval final puck distance Std,Eval final puck distance Max,Eval final puck distance Min,Eval final endeff distance Mean,Eval final endeff distance Std,Eval final endeff distance Max,Eval final endeff distance Min,Eval puck movement Mean,Eval puck movement Std,Eval puck movement Max,Eval puck movement Min,Eval endeff movement Mean,Eval endeff movement Std,Eval endeff movement Max,Eval endeff movement Min,policy loss,timesteps,epoch time (s),total time (s)
50,0.1589739329469028,0.1,0.1589739329469028,0.09276395983450109,0.3350034180335256,0.022684709319596423,0.22573898850928623,0.10546212845437888,0.42542969229893,0.015275191412985277,0.00871195061180647,0.01807149996451483,0.07438413500570705,2.090477933405043e-08,0.18600977338079935,0.006465150169730662,0.194412287966563,0.17217611179928183,0,0,7.186119318008423,7.186123609542847
50,0.1126354795074763,0.32,0.1126354795074763,0.07025730765251689,0.2564293485959664,0.010714652609287972,0.06321120054512322,0.04212620075328476,0.1847165754323487,0.006523710799503291,0.08969239651489923,0.06856473240562748,0.2610346745210393,1.072419528481106e-06,0.22422401147184684,0.07962509595886537,0.39155365461925096,0.062075844251998816,2.1187880640293133,10000,150.2578568458557,157.44398522377014
50,0.13726495864826851,0.2,0.13726495864826851,0.09007628028952445,0.3262967841172249,0.014231791404103111,0.09266592094681801,0.06462640002266042,0.2729515727086802,0.006470276856706857,0.13951219404641726,0.09452846336840363,0.3114444146602407,1.6643290200184369e-06,0.2516099430838406,0.09214870152725399,0.3864414882497031,0.06600809226530033,2.0015359946186195,20000,162.69202876091003,320.1360194683075
50,0.1158996172433638,0.24,0.1158996172433638,0.0862815989048962,0.3716805554321041,0.009559879796585392,0.07192383201466351,0.05946387614795017,0.3130623667352856,0.0011993241963959979,0.09669529240640959,0.0870885929665989,0.3135373023159592,1.15080669786407e-06,0.22958225793074974,0.08909576391849812,0.3898803546775786,0.004613930158245178,1.8721175492503952,30000,159.07550930976868,479.21153378486633
50,0.0728568565600905,0.32,0.0728568565600905,0.039436135342855665,0.170591168119106,0.012023449401893819,0.08649047923145423,0.07538050744467487,0.37109152388444455,0.008551538441394505,0.12565538019359968,0.09126438918927242,0.3120201982723877,1.007526734973389e-06,0.2504093724969232,0.09961427046725778,0.38698525231465536,0.0034273171998973452,1.7923101667696553,40000,161.35790252685547,640.5694441795349
50,0.07957392827151949,0.38,0.07957392827151949,0.05472387580639327,0.22458438066691364,0.007280340938174751,0.08912712815867405,0.09046543402989297,0.3586026406672421,0.0021281486297435198,0.15685882773950155,0.09977282898166494,0.31104910524174395,8.426269048436023e-07,0.25075329832065735,0.0969352157093396,0.387478795900807,0.031089004216266584,1.7396609543310901,50000,160.73507380485535,801.3045227527618
50,0.07982085226142671,0.4,0.07982085226142671,0.06516592110645343,0.38272972531171595,0.009907958122602525,0.08494503732598843,0.07873416206016565,0.3801709335412333,0.004897384087550935,0.14912539688279028,0.08509262741468472,0.29628632301069263,1.2177588689041553e-06,0.2382860911099119,0.08916135567038888,0.38170457608173497,0.05972147560681609,1.6958278390300396,60000,149.39809823036194,950.7026257514954
50,0.06452088787589956,0.44,0.06452088787589956,0.04936961806576377,0.24635189426812748,0.004275454926498152,0.07727304814472988,0.07825809593506924,0.29572266095469746,0.0016972243689874857,0.15410380208004987,0.10178862837403965,0.3113924468938196,1.014735015192348e-06,0.2440509246910603,0.10449445076568874,0.3852514361763304,6.784311418281311e-05,1.6533813203822185,70000,141.20729565620422,1091.9099259376526
50,0.07413211666335622,0.4,0.07413211666335622,0.051062072110797926,0.20828851186787178,0.0068336934472881744,0.08132070320346876,0.07686691062361027,0.3347054268625483,0.008155748750380064,0.12801823698718515,0.08886676215341888,0.30730746725914887,1.026122696717668e-06,0.20927124859569063,0.09620511110700812,0.3816454587376689,0.006472331814868978,1.6160539896923602,80000,141.93504309654236,1233.8449733257294
50,0.10225479722553965,0.34,0.10225479722553965,0.07803126819828293,0.3020037682002529,0.0122860354056551,0.09240443662076198,0.07865384571384955,0.3356236732801706,0.003494664684189959,0.15221559016840883,0.0876134973462814,0.3265983558264636,1.396106647824261e-06,0.2356051930399944,0.0797818317076415,0.35671916236198653,0.0013378855044963926,1.5930265445345209,90000,141.8997139930725,1375.7446925640106
50,0.07729856734191688,0.5,0.07729856734191688,0.05889918283151592,0.23307726444476995,0.005003751930781309,0.10356590384675567,0.09096718297129491,0.3352009503748947,0.005251657451211567,0.13967797656688233,0.08454806202184698,0.2945725546214443,1.220224184201443e-06,0.21787965288946526,0.10873368328142723,0.3883555647882881,0.0011212183066377228,1.5887097489667605,100000,142.04156804084778,1517.7862651348114
50,0.08087384145935833,0.42,0.08087384145935833,0.06875856663390927,0.36649937571875446,0.008238885915105824,0.0969067840463845,0.08116883426211018,0.3121412288563739,0.005683180212602755,0.13256211746236915,0.088910951354214,0.31856461280424025,1.1787164830432321e-06,0.23134708828310593,0.0975283052541492,0.3879008199146571,0.0010749579937231243,1.559048617701234,110000,142.02938842773438,1659.8156580924988
50,0.058169750029097314,0.56,0.058169750029097314,0.04810547058335084,0.21434013912225755,0.004044693201856702,0.07890806996700946,0.07549725676156681,0.2575608844631953,0.0018824169717418877,0.13689748087551193,0.07911363568774,0.29517687945118753,1.134340830081606e-06,0.18904361907299957,0.10357370920393365,0.3584028212050805,0.0023003786776323674,1.5765719833200085,120000,142.36174178123474,1802.1774110794067
50,0.07092351272027854,0.52,0.07092351272027854,0.05691704459982216,0.2287705086657515,0.001351356664813474,0.07895651360438097,0.0681657786383666,0.30107775465666164,0.005338332970448724,0.15037490320666458,0.09361196669827039,0.327927289696129,1.133245604685705e-06,0.22667495092464696,0.1034141182556055,0.3878662653664453,0.002967763790350198,1.5466725719316363,130000,141.7235245704651,1943.9009404182434
50,0.06575560798603207,0.5,0.06575560798603207,0.05305981525831242,0.25202767804897597,0.004230976677342648,0.09899597332018553,0.0779766803594808,0.3098317203892284,0.006504051200992046,0.14569799008909962,0.0969519069417272,0.3408306647976745,1.0694912609009146e-06,0.22362731239556813,0.1086310229018837,0.38194390166803033,0.0004518098277107647,1.491876937673515,140000,142.0977165699005,2085.998661518097
50,0.06003258470602311,0.58,0.06003258470602311,0.05539304025237324,0.2949644941235234,0.005106724798402737,0.08346371413917417,0.09068822452512956,0.30433100341763225,0.0028583349904529173,0.1357580805000143,0.07740903276627308,0.29581196888454775,1.4673126559472077e-06,0.20733080310575772,0.11255163167760743,0.38317971946035306,4.291136247983726e-05,1.539691084188699,150000,142.78034615516663,2228.7790122032166
50,0.06933181159030362,0.52,0.06933181159030362,0.06224881873291395,0.32517050539583353,0.0041496816322995275,0.08180245849117306,0.08301328196615168,0.3126637327023631,0.004248900255754808,0.15645683881797778,0.08274989267825586,0.32424412447918216,1.26423885713831e-06,0.21180245205973594,0.1114142013382617,0.3730003635240106,0.0034880126199090533,1.4954930724172417,160000,142.77264070510864,2371.551658153534
50,0.06587425058373446,0.56,0.06587425058373446,0.05543756696901109,0.2402038121590439,0.004414393351172468,0.10178825906752156,0.07660433127738496,0.3088248870526533,0.002253204819090258,0.14537947313540575,0.09280392801201914,0.3128289062217663,1.1577393970376153e-06,0.21535669002067973,0.12576899854621262,0.3937365992561156,0.0031636371933680524,1.5311429278028459,170000,142.546000957489,2514.0976634025574
50,0.06527991260198603,0.58,0.06527991260198603,0.060799770430345866,0.22602893861583934,0.004637333737453135,0.08990597654535139,0.08234213018829252,0.3087681297244231,0.0024227847928920423,0.13451017776336202,0.0740618488392023,0.31132043473166043,1.2339775972223535e-06,0.2141130083122913,0.09677624259487567,0.37498138544471127,0.007960147412305383,1.5244754092288697,180000,142.2995891571045,2656.397257089615
50,0.057579966198958894,0.56,0.057579966198958894,0.04940278630515886,0.21970704905243058,0.0047466059894444275,0.07379577962198408,0.0745669678558133,0.29942855074223096,0.0007057561229098988,0.13415564873833133,0.08134642397908994,0.2851399254041144,1.199315121845956e-06,0.20052498410833303,0.09281150193661886,0.3772328442916401,0.0005788252522985611,1.4923035424309126,190000,142.69883561134338,2799.0960969924927
50,0.0603091337935841,0.52,0.0603091337935841,0.05052713546757375,0.2564894371391674,0.001352993763339437,0.09616802141455237,0.09274004834274796,0.3581140181579119,0.001480522676716595,0.15460321372867944,0.07484855564918759,0.28580885885308677,3.7752421919560005e-06,0.21698327509249452,0.09230581494714621,0.371364893610307,0.0051475901764549145,1.4761813016736225,200000,141.85503506660461,2940.951136827469
50,0.06979092305815633,0.5,0.06979092305815633,0.06363410895771118,0.276148666839625,0.0011533450657705718,0.11265967224260715,0.0852483399562846,0.3155783848803889,0.007839615439804958,0.1459086662577123,0.09004084571545942,0.3087267842111703,8.352633023097626e-07,0.20297546985877232,0.10742895272517747,0.37752370946581465,0.0021791347187566025,1.486655908518852,210000,141.93975949287415,3082.8909006118774
50,0.04972913904663821,0.68,0.04972913904663821,0.0477119381440796,0.19762072277630222,0.006112233800623732,0.06515511928549596,0.06970938216988509,0.2701067243486962,0.003986648524912619,0.1385339660486615,0.08360790242551436,0.30153581144709,1.0366358181387794e-06,0.1979965422388858,0.09322300667501589,0.34655073471714676,0.0006414357366445113,1.5092259949657723,220000,141.70047998428345,3224.5913853645325
50,0.05891561531775381,0.56,0.05891561531775381,0.05173523951945379,0.24000841451600172,0.004151969211903842,0.08939072900256985,0.07494881739379561,0.2693302673684939,0.005072196246392848,0.13175964732550172,0.07818419803419727,0.278598046811459,1.237055197589102e-06,0.2188213666589719,0.09213659936064493,0.36360529122159385,0.0037291030362040516,1.4919071012899758,230000,142.85162377357483,3367.4430136680603
50,0.0522367921585155,0.64,0.0522367921585155,0.045293601747620316,0.20424524169981298,0.0039317595338227455,0.08825691823179085,0.09269647594047256,0.31917175257892916,0.004366922845367988,0.12982456140025042,0.09637580186807988,0.31882630603428175,9.910242001846098e-07,0.24323257349474045,0.10343777003295965,0.37801934445956753,0.010670200010076873,1.4765537630179097,240000,132.52328515052795,3499.9663033485413
50,0.06162569024333031,0.62,0.06162569024333031,0.060372171108830926,0.25295076817255785,0.0035948466862646836,0.10063686939528715,0.07696122342026429,0.2848410395841189,0.003698528890250993,0.1517465445779562,0.09313680268062485,0.3355686157604374,7.651378658385211e-07,0.24401289115724642,0.11594060262806685,0.3818817881048175,0.0014425295800532818,1.4740251996920426,250000,124.62584710121155,3624.5921652317047
50,0.06703305386801006,0.54,0.06703305386801006,0.06399392977650686,0.2551973090125967,0.00010169972131938403,0.12112981128152818,0.08662424220191102,0.30180871255324976,0.004571879347678333,0.17218864194378353,0.09809500509864681,0.32404619106455596,1.3317040796093512e-06,0.23170709194676603,0.1016712412093422,0.3869574234520119,0.0005471113000342857,1.4494239074553634,260000,125.17790913581848,3749.770078420639
50,0.06576950236389612,0.56,0.06576950236389612,0.061289525710911785,0.2646538271035859,0.003358292301716247,0.09823618484735855,0.08678076108281019,0.3308973209758187,0.0030011394846112737,0.13296631727773767,0.1038213211934555,0.31294690476598563,9.806563425584512e-07,0.23310083896688547,0.12762484539327842,0.38025286713484974,9.286529964298693e-10,1.4627250684330728,270000,124.2366156578064,3874.006699323654
50,0.054113366672424244,0.62,0.054113366672424244,0.05067512393825356,0.24938114440319664,0.004129830505422754,0.09602046613047807,0.08980270819507276,0.33680023563715944,0.0011728257027845913,0.1418384002288058,0.10080523819432108,0.30055926889037876,9.536365338186643e-07,0.2196301346602131,0.11046681341488013,0.3844013079458978,0.00602993147251088,1.4408430450431422,280000,124.40492153167725,3998.411626815796
50,0.0642417290107272,0.52,0.0642417290107272,0.04703898151611681,0.17314936122347052,0.008907946477926998,0.11519582759949376,0.10060538535885176,0.40410794005618683,0.003115944718769276,0.12639301458893748,0.09475425548836437,0.2979275928035506,1.0435519651281656e-06,0.18606914097750113,0.10963626501879799,0.37607734711951424,0.0012063578763163415,1.4536259400614555,290000,124.89487218856812,4123.306508541107
50,0.043453334376444254,0.72,0.043453334376444254,0.040864316820022076,0.20733487113091809,0.001549500836848946,0.08904321784483722,0.09765570644850129,0.38160983751215644,0.004251823043377982,0.14808401377549854,0.08778562793718919,0.32292636734906,1.0443249784051868e-06,0.2243347106545655,0.09208575353454405,0.3905995586412697,0.01040387059554791,1.452050420551524,300000,124.9994866847992,4248.305999994278
50,0.047002059944276336,0.7,0.047002059944276336,0.04721861234259393,0.22250600121486958,0.004555794721538234,0.06860480819778376,0.07308272388587836,0.29621053939498726,0.0009082920343473133,0.15403140254105968,0.09790318512132998,0.3282075292031044,7.057671429780112e-07,0.21104693896793456,0.10873163171379482,0.37497558757966554,0.0021619940870165593,1.4520423337201005,310000,125.28546071052551,4373.591464996338
50,0.058556836645599276,0.64,0.058556836645599276,0.05347243656195261,0.2303747863563675,0.005649255026943028,0.08282868491859817,0.09083747546845694,0.35172604748816644,0.0037325912368330032,0.13125770504246678,0.09410121152844221,0.2954107507482897,7.234983831697976e-07,0.21240949791610422,0.12004851046349956,0.38793569708533704,0.003388741023165068,1.446750275834761,320000,125.27866578102112,4498.870134830475
50,0.05686370186034875,0.64,0.05686370186034875,0.055469226472140774,0.2321915919081655,0.0037866849422956523,0.08404348480704833,0.08184389117552929,0.3016097060178455,0.0027997430390084566,0.15342345025327833,0.0935193391377295,0.3290139965897456,9.257069717554852e-07,0.22169735897893642,0.11624535844351747,0.3962629434582138,0.015189653595291891,1.4237805373693981,330000,124.8142397403717,4623.684378385544
50,0.060843213772517626,0.54,0.060843213772517626,0.05946320904560078,0.30937289378169874,0.0025614311080622092,0.09721253434221287,0.08344817624942673,0.3370267365667249,0.000843809924371639,0.12447261956454599,0.1035868677725575,0.31660845970900797,1.0696170648203454e-06,0.21627237084924533,0.12241780659215161,0.39047084263847154,0.0008121095958035873,1.4251628864470924,340000,125.32116556167603,4749.005547761917
50,0.05623310493624627,0.64,0.05623310493624627,0.056357547742514634,0.2563666563698785,0.0018089172269943263,0.08947025647528703,0.08878002768787654,0.35650483464721033,0.0014794315739855254,0.15352707746448313,0.09663906160180055,0.32727424627001606,1.0524635056021082e-06,0.22958146361542056,0.11836428637348455,0.3805401221337776,2.904066088155126e-09,1.4499448818779024,350000,126.32990288734436,4875.335454463959
50,0.052952041859613885,0.62,0.052952041859613885,0.05275084939700178,0.23353852860286364,0.002158175108102811,0.0811738987808706,0.07199113211569608,0.30645034207956934,0.0019507629963436022,0.15744103892506048,0.09362754270921021,0.3283002792789593,1.1490768858708522e-06,0.23039172102277142,0.10939780599804573,0.3875091857600269,0.0035421749204045537,1.425958214174204,360000,126.05739665031433,5001.392855882645
50,0.0647281290273514,0.6,0.0647281290273514,0.07031662081105551,0.3089888038820361,0.0035566425654975607,0.08316500356692565,0.07765377794940763,0.30715193643609734,0.005163538061734943,0.1424658089863722,0.09980756409140788,0.32649176524231327,8.864561615472718e-07,0.2189830815068698,0.10871090964347721,0.39067215405952543,0.0014482116330967322,1.4265652842976244,370000,125.67637300491333,5127.069233894348
50,0.05414955854274359,0.58,0.05414955854274359,0.043603585632087015,0.17767402710995048,0.0048249884457345375,0.08820015449389638,0.08492806129291541,0.341521928973371,0.0028251036775057787,0.15816376158252335,0.10168454253716197,0.3237548720866974,1.1400182985494366e-06,0.22526474856373366,0.10687732866435055,0.3925172979171458,0.0015013759658402562,1.4162731241982371,380000,125.59264993667603,5252.661888599396
50,0.05757306276003701,0.56,0.05757306276003701,0.059885639949544885,0.2780505245704279,0.0029013420015821657,0.0917332998150011,0.07813351207323907,0.29894923388180356,0.003187847682910155,0.15626741398753008,0.09678641824262184,0.32644295911602617,1.2303365523621226e-06,0.227457486689205,0.10385939867263062,0.38348721782273265,0.00016623538768671052,1.3857006690960698,390000,125.64796900749207,5378.309862613678
50,0.0755759923301373,0.52,0.0755759923301373,0.07724217395911745,0.31910106009618183,0.004472745440970184,0.09963950090053063,0.08007449725801132,0.28209492777294354,0.003920641655591714,0.11625249697357651,0.09867804935158589,0.33972900252110433,1.1182032074192417e-06,0.19151680862112663,0.12224188311447712,0.3896592258753941,0.0005562712628875567,1.4279555695384463,400000,124.71292304992676,5503.022790670395
50,0.07775744722152239,0.48,0.07775744722152239,0.07566270304239346,0.3893203546458776,8.19060598654426e-05,0.09169647840989387,0.0823728887230083,0.31100843371953385,0.0025952259829615746,0.1459637144150578,0.10147352662795235,0.31742207119779414,9.691050215561968e-07,0.18816408696384104,0.12256096838552864,0.3705393492433494,0.001454185049318255,1.4016224328319629,410000,124.55736684799194,5627.580161809921
50,0.040036576365290476,0.7,0.040036576365290476,0.035397319999390935,0.17622744742392743,0.0028071768571813946,0.08036553831165785,0.08636641055212464,0.38826730484052707,0.00011649895620862387,0.151926764838449,0.10393879398728634,0.31528163341230164,1.0617770757128455e-06,0.2089724978630459,0.1312666054686262,0.38286119040124206,0.00011620444246755117,1.3776199917278045,420000,125.57046961784363,5753.150635957718
50,0.05851135111131593,0.7,0.05851135111131593,0.06608610954911469,0.26298382852504454,0.00277885545326732,0.05968584063589229,0.07559921989128449,0.3120404664818245,0.001595975723113818,0.1523776500343472,0.09147645009287712,0.34683415155827557,5.973869269137751e-07,0.22638122743907982,0.10296147105775041,0.37742114001497773,0.0016529425583953897,1.3668238406502986,430000,125.30881643295288,5878.459456682205
50,0.05900254156678665,0.58,0.05900254156678665,0.06527555357423898,0.3401238815372891,0.0032655347334387586,0.08679857020634768,0.07891549090403695,0.33638689072707834,0.003082108576788146,0.15147077283693577,0.10429350093257088,0.3316115555694755,1.2358816028503358e-06,0.22379005245720063,0.11426299297450657,0.38668293757453875,0.0023742301900508207,1.3915965296600739,440000,125.12690448760986,6003.586365222931
50,0.060550974423080606,0.54,0.060550974423080606,0.06354722013354132,0.32828476630644166,0.0031311935864307763,0.09260585998194484,0.07838465703985253,0.3323694162650597,0.004261444605722869,0.1355875854504184,0.08732368420897448,0.2821263860613381,7.914975750607238e-07,0.22082414288591387,0.10703255185731549,0.38754867284290984,0.0009122362483453206,1.403618400525387,450000,125.26552081108093,6128.851891040802
50,0.06705547319851257,0.56,0.06705547319851257,0.07575205150076719,0.341282405782502,0.002516223644372233,0.1147244321390039,0.10479534041629011,0.3383367191750409,0.002795308286741932,0.1317845158821227,0.09681642416022179,0.33774446721160795,1.0479149837269506e-06,0.21693164944498047,0.11680872183936582,0.391316774294592,5.226763749557133e-06,1.3885927836909149,460000,125.72837686538696,6254.580272197723
50,0.07003353386095607,0.58,0.07003353386095607,0.06537859665674234,0.28128776000431366,0.00041446114678189125,0.08526823637774308,0.06738896198678815,0.23617135232275374,0.0015436716324332622,0.147366306851457,0.10733876506817801,0.30525108609412777,9.184042441466191e-07,0.19577430637903315,0.1254739231388105,0.38363150199849666,0.0033996026842328764,1.3973646339390282,470000,126.07975244522095,6380.660035133362
50,0.061489337707925806,0.58,0.061489337707925806,0.060317712226611295,0.26471187095512366,0.0024193946029862365,0.09857253048261148,0.0768391387537328,0.25837501176652844,0.006923589733151034,0.16095108324781648,0.09680498150067068,0.32040119672014494,8.348332541083022e-07,0.2143257214195245,0.1092107685870257,0.3846735685292547,0.003510439834654566,1.4015519196617179,480000,125.22495627403259,6505.884995698929
50,0.046970422938544115,0.68,0.046970422938544115,0.04451581235971689,0.1855505562788438,0.0035276882455104316,0.07667360773310106,0.08094175867568915,0.374377629038648,0.0043779429674445465,0.1420504513422479,0.09897671257812732,0.30492950731768786,8.853529749798793e-07,0.2253085211075201,0.1228727775696433,0.38283301652524043,0.0034193148197821117,1.385033361766421,490000,125.44345235824585,6631.3284521102905
50,0.07243786842452575,0.54,0.07243786842452575,0.07951031695173898,0.39254329634918506,0.0030199281590992705,0.11472171036332474,0.09399192280031834,0.3599698092002927,0.003766654201791722,0.1470030214823894,0.09767625641095821,0.30454115218589994,1.1729712907661443e-06,0.18546958829950402,0.11571277059863375,0.3920115390518516,7.731688396246568e-10,1.3876490851115397,500000,125.11310815811157,6756.441564321518
50,0.04350465097684811,0.66,0.04350465097684811,0.03354511413073529,0.14239528147533603,0.0012895074016720822,0.09598765659362404,0.09552880393764558,0.35864836803460487,0.0027662009253721217,0.15709612411194082,0.1038304950471348,0.3392113628581521,1.9595442631551173e-06,0.23930127593772926,0.11770785619326786,0.37722155885822867,0.004416440444252496,1.359934583697979,510000,125.82844972610474,6882.270018577576
50,0.0508631281672254,0.56,0.0508631281672254,0.037925967376841216,0.16245983872439212,0.0013712758618954876,0.10407279958004181,0.0898095357881136,0.34739743806118634,0.004851414269783954,0.13529975340927095,0.09389956475434752,0.3140366994730655,1.101773366763848e-06,0.21497025165568032,0.11707244365601105,0.3768444534853882,0.003001084881501355,1.4004356958811084,520000,125.47901701927185,7007.749039888382
50,0.059568041819452036,0.52,0.059568041819452036,0.06332910664187087,0.32799113252622447,0.0055967856056953974,0.10191248075978292,0.10401550414324127,0.33228901480661355,0.0007345971258185402,0.15134903733435162,0.10138506652138474,0.3300045500903883,1.4095756134337912e-06,0.2465836170505668,0.10936454548281721,0.38757335999515313,0.0007556306213501468,1.404644865051437,530000,125.27326202392578,7133.022305965424
50,0.03977078969212963,0.74,0.03977078969212963,0.046352910692020216,0.25856812009411606,0.0012878034409021712,0.09155134927853323,0.08457130877457074,0.2954872518719012,0.00332018295845886,0.16809305261554278,0.09595216888144512,0.32085764584936954,1.031473063680345e-06,0.20218838898407007,0.09429847987327603,0.3877131427797714,0.0021767696616295166,1.3649761662056896,540000,125.74471378326416,7258.7670295238495
50,0.05009004233766774,0.58,0.05009004233766774,0.05814947511515157,0.364379419622538,0.001099518609214963,0.09203064743367201,0.08599879572063795,0.3261688200296158,0.0014654265761563112,0.13135888038228452,0.10511549626326448,0.3051106538346694,8.779947006115436e-07,0.1534306525479384,0.11444878752864084,0.379502939782897,0.0012517409540700405,1.3844470788912706,550000,125.32739591598511,7384.094434738159
50,0.03762526266425969,0.78,0.03762526266425969,0.03831821091876105,0.1553934334195543,0.006928198871003802,0.06233261363779681,0.08178897589418857,0.33173431443996526,0.0011212765014702304,0.13145138547528482,0.1023702555932405,0.31609955825117636,7.197519978658934e-07,0.1973626826222451,0.11455621752523895,0.3799892885406217,0.004826602543071144,1.372908625192498,560000,125.61960911750793,7509.7140481472015
50,0.06279564839334123,0.64,0.06279564839334123,0.06645905176108047,0.37535557009934667,0.0007793383079036631,0.10373761517650754,0.08269438217827743,0.32584707653508654,0.0061124487731506,0.14316599996510163,0.10551592353979689,0.3320930944486631,9.827669665082977e-07,0.2090482891845808,0.11777295783857555,0.3841770256110347,0.0002532740963904568,1.3785385771625287,570000,125.24568390846252,7634.959736585617
50,0.04234164370965222,0.8,0.04234164370965222,0.05645076041804599,0.3161473668016886,0.0016193625541459427,0.0902832616666711,0.08860123658306826,0.2744060562104982,0.001269538647678661,0.16380557292757003,0.0997588507923689,0.31007750385768296,1.1356118633221085e-06,0.21599123912025942,0.10412354375327276,0.38793287089512746,0.013303435279769453,1.3630613512105119,580000,125.75070476531982,7760.71044588089
50,0.07070843474233443,0.66,0.07070843474233443,0.08341749256957805,0.3600183260503392,0.0023196141417284586,0.0911236755597497,0.08123609862523629,0.28493819596869413,0.0010813837866158675,0.16730646842225996,0.09414594998064338,0.34164257139537163,1.2897830442215997e-06,0.21948613169624007,0.10101410749206291,0.38633858110584773,0.0010234849427878492,1.3691758248644381,590000,126.26686024665833,7886.977310180664
50,0.04204945259269917,0.72,0.04204945259269917,0.05072809256653178,0.24943787285870753,0.003464776887925989,0.0929373921054689,0.0949462192016472,0.3374710069187012,0.001690879388059135,0.15247236173443182,0.09622882570582461,0.32415380273330263,8.823311511775709e-07,0.19768449271209193,0.1099590888358618,0.36983207278443087,3.0355936111144997e-09,1.372917710028988,600000,124.89872431755066,8011.876039505005
50,0.03641608548888451,0.78,0.03641608548888451,0.03815824000581931,0.19456050264569955,0.003239456719038724,0.08459122874005082,0.08305157907685409,0.28125988264334173,0.004567733304824826,0.16036776367687672,0.08821457203108247,0.3340274837740039,9.076581525563669e-07,0.22472419950071,0.10644670012956935,0.381333845578495,0.00013002815984109877,1.3753157919987349,610000,125.3121325969696,8137.18817615509
50,0.04835023606556701,0.64,0.04835023606556701,0.04465081435631245,0.19353605646245614,0.00027124182975576304,0.07667053364644598,0.07844389170680507,0.32952902208025275,0.002096681553760035,0.15294064844487085,0.09968388132209277,0.3402158704623842,1.4470686969700014e-06,0.23760975100425777,0.10786593011830743,0.39204483848846705,0.006924981806847927,1.3767631959780293,620000,125.63096761703491,8262.819147825241
50,0.06864804328192668,0.64,0.06864804328192668,0.08480490277156351,0.35428257160704735,0.0022660810043815594,0.1106128567848579,0.09872618361255299,0.35027350251737266,0.004325643990001366,0.13207871978201866,0.10156883653324436,0.32359499949651765,4.8572355488931e-07,0.1860114798407552,0.12095602713216885,0.3925853345703347,0.0004000423826263258,1.3916486676842774,630000,125.83621954917908,8388.655371665955
50,0.05257305927453631,0.66,0.05257305927453631,0.05714449517876659,0.26529646087342595,0.0030917347558679863,0.07089628459695989,0.0642123568612838,0.2588991929115409,0.0062665420942351726,0.15055631228038774,0.09475364812297742,0.3493496647641903,1.2236673581356769e-06,0.2142033531927927,0.10753198358171091,0.3869759419373132,0.008274738159385672,1.3853053945750982,640000,125.02715611457825,8513.682532072067
50,0.06181492611248933,0.52,0.06181492611248933,0.065149948202984,0.297192491502194,0.002711437622250706,0.10125724295962887,0.09235155247299844,0.35185729665383225,0.0032274604922322286,0.13482038135988292,0.1051282711239089,0.3121934837560358,1.2347366147525177e-06,0.22793642682562967,0.11983923166150445,0.3854797556467583,0.002497067968935092,1.350399926454979,650000,125.27186751365662,8638.954407930374
50,0.06422560374952586,0.6,0.06422560374952586,0.06946641388317326,0.3128664349577777,0.00303876261320994,0.07884091589129753,0.06847272473953125,0.35311126322977443,0.006153095479634308,0.14733051377548917,0.0976609152077184,0.3349454394478429,1.3158192349630933e-06,0.2305580198137963,0.13081199358185347,0.38843184326816965,0.001956297417073499,1.3444445264167595,660000,125.4404284954071,8764.394841432571
50,0.06319230335688458,0.6,0.06319230335688458,0.06920382853093586,0.276175304246754,0.0035008543259525795,0.09958882919222159,0.09687774072785534,0.3474543938095065,0.0005851574277741763,0.15459843520815977,0.09650284327041445,0.286271902492535,1.0077222913727571e-06,0.21636827159057437,0.1224985405004481,0.38301263831123555,0.0019778777821102865,1.3557486274522486,670000,125.48051643371582,8889.87536239624
50,0.05668289242552933,0.54,0.05668289242552933,0.051121183274397984,0.2024843903402009,0.001959677802723794,0.08425632821207292,0.07506646277585742,0.306450001240184,0.0059697930128569335,0.15653475754819987,0.10989110339655306,0.31821956602188217,1.0219694678384438e-06,0.22438750171372912,0.13451220524345592,0.3917812214445673,2.3992162419161155e-05,1.3681322523800203,680000,125.4743480682373,9015.349714756012
50,0.06135245519195079,0.58,0.06135245519195079,0.0561539107000393,0.23665732213421112,0.006366575909107526,0.08340037339543403,0.08726692680630095,0.2886038169311419,0.0029573043461389938,0.1453251016295461,0.09350958528189536,0.3144353594058085,1.306386803775357e-06,0.2167517818069704,0.11781422850830521,0.3941963893029131,0.0008452833129925941,1.3556797839737864,690000,125.04152965545654,9140.391248703003
50,0.056033595624638055,0.6,0.056033595624638055,0.053408567786153965,0.22438162480567928,0.005123938971030743,0.08618107745958961,0.0854641703916333,0.3527991735219319,0.0036075120189384777,0.15318062473963567,0.10212544742524,0.30455432882213385,7.845709869845444e-07,0.21809586806592762,0.12906030033538773,0.393242838843181,0.001030686090871033,1.3125496551772347,700000,125.44136810302734,9265.832621097565
50,0.06658656320645388,0.58,0.06658656320645388,0.07308570886268267,0.30199185132728334,0.003856097389782339,0.06338457977181307,0.05160378245599779,0.1879000992048088,0.0015052865335349111,0.13755062735246587,0.08806506040349962,0.2981350064025324,9.615266090721737e-07,0.20591309835872543,0.10715353738171497,0.38533948457100764,0.000934599390009219,1.3620941048416069,710000,126.52169919013977,9392.354325294495
50,0.06338841590680323,0.58,0.06338841590680323,0.06491491679684128,0.2782807937272006,0.004204327410257567,0.08935942924194137,0.08154595457288127,0.3935059726020776,0.003852003252228802,0.1543703209978109,0.09756120359380961,0.3350458549776612,1.0655504152856121e-06,0.20127640939080915,0.10848307758441914,0.3831149516232747,0.0007488030334823135,1.3545819097334861,720000,125.38263034820557,9517.736960411072
50,0.05643752909661827,0.76,0.05643752909661827,0.07738506692382363,0.32165905787126764,0.0020208406791947715,0.05173858963435641,0.061115629372535625,0.2882097580566684,0.0019474516791846111,0.16479672700752265,0.09110734871555459,0.3195878264867011,1.4857237670891713e-06,0.21500452144570012,0.09814842639370816,0.3742263843826421,0.011321963781448896,1.3697060626972295,730000,125.756098985672,9643.493067741394
50,0.061044159495746125,0.6,0.061044159495746125,0.061893621135169816,0.2892537680383796,0.005086755818895208,0.09202877733009944,0.08201626939384157,0.32492053333456783,0.005692032379784629,0.13882642654497546,0.10644107140737946,0.3144735537677273,1.8350973141158758e-06,0.18294157051211538,0.12343139329989995,0.3853667549669395,0.00045444749324232006,1.3536103628561913,740000,125.52163338661194,9769.014705657959
50,0.053753795856308226,0.66,0.053753795856308226,0.06725088107277045,0.36768941273391664,0.001978312336536228,0.08985808556267359,0.0969836919595356,0.3493476571036017,0.0008329544940767782,0.16913414979128188,0.09463096040534053,0.32273531337090366,1.307053472820172e-06,0.21386101334130983,0.11431674911713555,0.3876796234986355,0.0012858035598521682,1.3483592646559242,750000,125.39432430267334,9894.409034490585
50,0.05172304866940505,0.68,0.05172304866940505,0.06172401214473214,0.2715574823554201,0.002671604702015149,0.06691207071808222,0.060961972309852994,0.2089477079297182,0.004833330862736708,0.14893251954374084,0.10104299648580023,0.31811257122005765,1.0663564852996261e-06,0.20438769567059087,0.10167825632294204,0.38773882638459367,0.005055412813509306,1.3259757608623648,760000,125.31903266906738,10019.728071689606
50,0.0680022713566257,0.62,0.0680022713566257,0.08380046675170197,0.30761937269505274,0.0033864131256168975,0.06966552571006183,0.07688269803907084,0.27913258302839744,0.001127828135511444,0.14812151131444196,0.08811186111306497,0.3320267336941544,1.4109160981291794e-06,0.22951780777576505,0.0996603421016205,0.379370254988833,0.00024518651047964867,1.3403876515151794,770000,124.37668871879578,10144.104765176773
50,0.05927312047125319,0.58,0.05927312047125319,0.06272482029772132,0.2789829235867946,0.003191887096238917,0.09640871050341138,0.09359650126626291,0.35343079498469504,0.004358895569012796,0.1499640977050881,0.0963602135364365,0.3568372302166301,1.024029031739607e-06,0.24192036869294964,0.09990064381998091,0.3847456653809977,0.00012718267095001545,1.334581269429369,780000,125.31498312950134,10269.419752597809
50,0.06173438826322061,0.62,0.06173438826322061,0.07288409564232436,0.3205257650037003,0.0005265941803854649,0.08521538484151511,0.0773046020583275,0.29886221631243576,0.004721427400415467,0.1734642645984741,0.09370270652038673,0.3183212802522236,1.3724532888843144e-06,0.21511985250220259,0.10805088903813864,0.38964576176112253,0.013466848087101527,1.3349238515301074,790000,124.32667446136475,10393.74643087387
50,0.0351418445621167,0.78,0.0351418445621167,0.037478711965623177,0.16804693302618506,0.0011194561309656199,0.06839327352802631,0.08294048042670901,0.3111958286425145,0.0027941617266597266,0.1741853759298526,0.08505025614248934,0.3329168105070923,1.1403811747410122e-06,0.21242390088951577,0.10606103157459995,0.3841345664068892,0.021475668513610942,1.3460652196441283,800000,125.35463094711304,10519.1010658741
50,0.05849254958614781,0.58,0.05849254958614781,0.05806453556514851,0.27035946004673234,0.0013377810502787691,0.08575167201937464,0.092032190478968,0.3323666366227239,0.0005061200267316256,0.15486808568990718,0.10160336531984947,0.33938476915453897,1.0215057138863833e-06,0.2130830496830795,0.11286107093220865,0.38829862014795374,0.0036480292763078023,1.3119528738790773,810000,124.51586699485779,10643.616936922073
50,0.05568734325694573,0.62,0.05568734325694573,0.05736774487764016,0.26716980419971004,0.003201475152435523,0.09464510104118523,0.09553281333432301,0.3812480882620169,0.005233337531094058,0.1436682598464851,0.10314237336231215,0.3421660135661502,1.3240069666111739e-06,0.21425034705110846,0.11792961895065261,0.3875824946650997,0.0022990485599509603,1.3388673561373952,820000,125.21242928504944,10768.829371213913
50,0.06102609633818408,0.6,0.06102609633818408,0.06511767120386427,0.24265567813565914,0.001779467907130474,0.07482650596939357,0.06903448197630128,0.28571264843463706,0.0022613965918846517,0.16758734960363023,0.09987631879275577,0.31565671428780195,8.271719556711195e-07,0.21960999912358303,0.11758047483119313,0.38306111119746317,0.002348405849055749,1.3323128156818602,830000,125.2650818824768,10894.094457864761
50,0.0525130094271563,0.68,0.0525130094271563,0.05764920379231452,0.2667505582250117,0.0011549974644421209,0.08462654843481048,0.07242720691182034,0.2592287957296622,0.0014882314211945536,0.12824772446957156,0.09790222152385637,0.3168063299602677,1.121328882094516e-06,0.2243684570482134,0.11616736097250469,0.3815849619823548,0.0022804828439073957,1.3240515186519783,840000,124.35432052612305,11018.448783159256
50,0.06208280905616726,0.62,0.06208280905616726,0.07845177972763161,0.38452901147523144,0.0010007736767334763,0.07914645059367073,0.07210644949058888,0.29967511024451104,0.0018924864294278642,0.14564973225007155,0.09662007952555043,0.33317681674526034,1.2959331464443574e-06,0.2153876393694261,0.11751980030238691,0.38762756045726793,0.002073667413723677,1.3391107765135637,850000,124.80482792854309,11143.253615140915
50,0.05172058998098914,0.68,0.05172058998098914,0.060926150023882256,0.2986316569841166,0.005127083214903515,0.08822855827994612,0.08238236956305278,0.27205872732016684,0.0014263559293851865,0.15187624835689914,0.10282514860426564,0.32006532285498906,4.983831644259377e-07,0.20995320842494686,0.1140542287578568,0.3807941647004126,0.0006358882305016448,1.3402449709134931,860000,125.32827568054199,11268.581895828247
50,0.06579555396437814,0.58,0.06579555396437814,0.07093865169035743,0.27485272744890327,0.004481641054176106,0.07397618262063513,0.06104377613427226,0.2318288725268398,0.0030113538033210013,0.15430828812840777,0.09476108776306987,0.3402127463718357,1.2674283084460868e-06,0.2297944793898683,0.1129277770844645,0.37805711635632466,0.000643728025131744,1.3247344751526995,870000,125.70595216751099,11394.287852287292
50,0.052053390891538126,0.7,0.052053390891538126,0.05618011974587614,0.22983539288732874,0.0029219458745040595,0.08820374337281937,0.08990952238340452,0.35773157008473655,0.001234195766987638,0.1511384656144811,0.11131015217487546,0.3429643219832387,1.0112444731013498e-06,0.20999099431177937,0.11257827166816137,0.38526374174461947,0.0032435065340842817,1.3290410944022195,880000,125.32037448883057,11519.608235836029
50,0.0492653038582291,0.72,0.0492653038582291,0.057875381297293214,0.29422532721775646,0.001625324529776853,0.09267306117816573,0.09482674729936205,0.3729101224675392,0.0019060050878043123,0.16820726429412308,0.09570111614021215,0.31585321506047365,5.751880836413031e-07,0.22706578990040927,0.11724229783646038,0.3888617858892274,0.0035357178390649233,1.298084713572531,890000,126.00477266311646,11645.613013029099
50,0.046279025850999196,0.7,0.046279025850999196,0.052737513122735315,0.2675548396062459,0.002195794549235426,0.07918608146236085,0.07428518930971244,0.2854028580624143,0.0021437955552313535,0.1346709245986335,0.10522293023907253,0.32678513938986525,2.1285324765027523e-06,0.19053264939006387,0.12105390938503072,0.3916830485006556,0.002584565224923214,1.3507055834190604,900000,125.95820236206055,11771.571219205856
50,0.06083954679486747,0.62,0.06083954679486747,0.0719468056698561,0.3558986908937135,0.00254644084849148,0.09300405009174303,0.0791815983927575,0.31117722022009286,0.0007497580947579963,0.14873183674754836,0.11844731052149478,0.3418694627728706,7.951506318714527e-07,0.2067681596678448,0.11982571807644823,0.3939001457768218,0.0013216609324264465,1.3304538916065343,910000,125.49532508850098,11897.066549301147
50,0.03790537626442724,0.76,0.03790537626442724,0.04614574871819702,0.269626220353482,0.0015292744708689826,0.08901773929585205,0.08963609140158259,0.3153910547379161,0.003336785857807824,0.1565897521342426,0.09445945684159691,0.34361179532479325,1.0360504441246548e-06,0.2254823120253906,0.10237145506081125,0.38807934042860337,0.016070201567051978,1.3122636482357557,920000,125.432213306427,12022.498766899109
50,0.05212305484536754,0.72,0.05212305484536754,0.06509721413863936,0.26686710599869634,0.003461509221535566,0.08511551924798129,0.08808095587884827,0.34636516323601146,0.0017583514434361574,0.14803184867802657,0.09463766699291906,0.3090775662733507,1.019549955901468e-06,0.2177226096371868,0.11620646517712384,0.3884694070564199,0.00888453337628858,1.3210542114916175,930000,125.17582631111145,12147.674597740173
50,0.05258772624045983,0.7,0.05258772624045983,0.05988635790409454,0.30258225058860716,0.003616588112041194,0.09192284550771619,0.08512162705119079,0.36233392495414934,0.0005220643174240991,0.14972926377854803,0.10291096486552632,0.31310413213729066,1.1278590001782373e-06,0.21230194108965275,0.13121569693487845,0.38976683601587936,0.00020768509453962845,1.294114509350834,940000,125.95018172264099,12273.624783992767
50,0.07505646818631292,0.62,0.07505646818631292,0.08979810297119747,0.36897263367998545,0.0017055124125258403,0.08299906496682757,0.07553514646821229,0.3050462093153958,0.0020386521551185306,0.1476593098070866,0.09761643877045177,0.3523734932306848,1.6368173465442839e-06,0.2282080115294446,0.11975872735645351,0.39248357065573347,0.000704528806749891,1.2972140113425124,950000,125.13052868843079,12398.755316972733
50,0.06852024525993336,0.64,0.06852024525993336,0.07794462355695919,0.3302520721016358,0.002671560099902894,0.099445379223567,0.08909357574534271,0.31952664326173325,0.005220172336306975,0.14405377731595023,0.10148450286998115,0.33782782310072296,1.681088623005213e-06,0.22236992386808127,0.12223453607564966,0.3845967648689147,0.0009571232642169825,1.325738926303673,960000,124.62905263900757,12523.384378910065
50,0.06338088955894616,0.58,0.06338088955894616,0.06360007717246208,0.2725577622343428,0.002894193058874432,0.11021087528267541,0.09384861990637025,0.3406851855861019,0.002832628985737846,0.13787889797800199,0.09585161357922072,0.3124366060857564,1.329699399722573e-06,0.2081838430324,0.10831721929596566,0.38528517088566017,0.008571619794864076,1.2929096745658337,970000,125.32920098304749,12648.713586091995
50,0.05153045477906864,0.7,0.05153045477906864,0.053734473284826716,0.25818049657159864,0.005886592451226833,0.09128038285152604,0.08376818960386943,0.2959111876623404,0.0026146588181397805,0.16730715666184817,0.09031034833478481,0.31833381719617193,2.4101649346602896e-06,0.21851920911109435,0.10888049795670557,0.3821173566451965,0.004268829030593265,1.3156148665656002,980000,125.13023710250854,12773.843829154968
50,0.05625706134464844,0.72,0.05625706134464844,0.06797471064420421,0.2686645491319898,0.003632257403239892,0.09840363494485287,0.08434779208893088,0.28781631273509317,0.007083684019024508,0.16366173271841603,0.0828821894762478,0.33200406948192857,1.2516279136170319e-06,0.23800841688437036,0.11005380772136643,0.38472152327778036,0.002925800035237734,1.3214877875217566,990000,125.01568412780762,12898.85951757431
50,0.04030651606821539,0.7,0.04030651606821539,0.04048365157580552,0.15885871217723177,0.0018562160670650637,0.08392387767838355,0.08485827676190351,0.34369210663249494,0.001148235936549542,0.16223051027938531,0.11428685255085133,0.3415307240505262,8.934646175466019e-07,0.20251369740055686,0.11616560751157086,0.36717678141536153,0.0015411330675309052,1.3147079864828324,1000000,122.08684229850769,13020.946363925934
