Eval num episodes,Eval avg final dist,Eval success ratio,Eval success ratio_left,Eval success ratio_right,Eval n_left,Eval n_right,Eval final puck distance Mean,Eval final puck distance Std,Eval final puck distance Max,Eval final puck distance Min,Eval final endeff distance Mean,Eval final endeff distance Std,Eval final endeff distance Max,Eval final endeff distance Min,Eval puck movement Mean,Eval puck movement Std,Eval puck movement Max,Eval puck movement Min,Eval endeff movement Mean,Eval endeff movement Std,Eval endeff movement Max,Eval endeff movement Min,policy loss,timesteps,epoch time (s),total time (s),Conditional loss,Marginal loss,Validation loss,Conditional Validation loss,Marginal Validation loss
50,0.16308108307542477,0.12,0.13157894736842105,0.08333333333333333,38,12,0.16308108307542477,0.09603519984302175,0.35992068702083735,0.016952159234523194,0.1860039604183465,0.08011688845715118,0.3839178291060598,0.03249283865681053,4.264546787720371e-07,1.8108583377599236e-07,6.843961277644205e-07,4.665214040036532e-08,0.02058010774262474,0.00915245360152485,0.03383877725552054,0.0016968670587603721,0,0,6.358061790466309,6.358064651489258,0,0,0,0,0
50,0.1348537730812755,0.14,0.13157894736842105,0.16666666666666666,38,12,0.1348537730812755,0.06991608289478846,0.29177457424856296,0.016118914257306834,0.04566936114925293,0.03299332614086662,0.1501570956278474,0.004050362985709145,0.08769500148110505,0.0632886056431283,0.25596548934794294,9.044534294019013e-07,0.18601559658327652,0.07508245397959175,0.3408767908146693,0.020914344123111765,4.314441043249979,2.1226350007258685,2.191806025804548,4.352957149069604,2.150115463304084,2.2028417258451105,10000,166.74869227409363,173.10676193237305
50,0.0982650375852938,0.26,0.2631578947368421,0.25,38,12,0.0982650375852938,0.06394705218466314,0.28598709433116754,0.0038101986437228483,0.055706961549548906,0.04543169592307389,0.21065342155965439,0.006442583222172977,0.09802301924056427,0.08785991042513766,0.3382122949104532,1.0259063546718987e-06,0.15744891579083878,0.07849569893525554,0.33367281807243204,0.01569105220387736,4.258375006235512,2.0802964681100162,2.1780783746376153,4.256679212367525,2.071935138988246,2.1847440760772194,20000,180.42970514297485,353.5364716053009
50,0.0712823461171922,0.42,0.41025641025641024,0.45454545454545453,39,11,0.0712823461171922,0.055808251426583265,0.2865688530140942,0.007450155991715918,0.06397522265269394,0.054935289251764954,0.19336186206395128,0.0052745353687513735,0.11895678847851039,0.08034806643100949,0.2794220829998728,8.528469091860472e-07,0.189778862614431,0.09491826941554068,0.3784110515969604,0.021782313781938015,4.205039889557139,2.038276290386698,2.166763635744648,4.236498230838931,2.0632351809807186,2.1732630232965846,30000,180.854501247406,534.3909766674042
50,0.06979236833694721,0.46,0.45454545454545453,0.5,44,6,0.06979236833694721,0.05879147308563888,0.3102297856350574,0.007544510854801087,0.09622153492887277,0.08872573435479826,0.30499643092147044,0.0031818185888943485,0.1451314149140142,0.09258333559446029,0.294820396830924,1.146253820191764e-06,0.19032365841870827,0.10842925417829859,0.37295590373097415,0.000485892526575936,4.174473254003041,2.010939552885022,2.163533723789488,4.2073755240716615,2.0374621840862055,2.169913420716298,40000,179.4833083152771,713.8742887973785
50,0.07848228540993317,0.32,0.24324324324324326,0.5384615384615384,37,13,0.07848228540993317,0.05169536582336201,0.2746240588266119,0.016482775798741175,0.08357971459511489,0.07921746523782668,0.3710821182643107,0.002421096991328709,0.13185819638981575,0.08908616885080205,0.30744015200750163,9.64659165133432e-07,0.19242762914596775,0.10034484004433443,0.37797910454621214,0.010002074328878974,4.134293171761291,1.9910810430309513,2.1432121025139215,4.174753334299328,2.0199338467392014,2.1548195928044125,50000,179.43613862991333,893.3104314804077
50,0.08810494802369995,0.38,0.47368421052631576,0.08333333333333333,38,12,0.08810494802369995,0.06660620095885789,0.26920063780995906,0.007962684022606614,0.1038463108577353,0.10380072612870292,0.3448435377740139,0.00382463370112253,0.1298324943608332,0.0895333522023936,0.310004570828186,1.0621443561539679e-06,0.19779741766500977,0.09556415361971032,0.3573027309905868,0.014859650554423212,4.131046583027665,1.9854550184014663,2.1455915900418825,4.196282226937973,2.031591888501616,2.164690219375022,60000,180.83246183395386,1074.1428973674774
50,0.08827081225230185,0.4,0.38636363636363635,0.5,44,6,0.08827081225230185,0.07523070389875852,0.3739150728143103,0.003466840180081378,0.08719617081188545,0.08431208944691863,0.3000660311109758,0.00740884724376756,0.10591181007669441,0.09098864417562931,0.29895433810310046,8.439629104064863e-07,0.1658107518095596,0.11488881228135817,0.3866681000061402,0.0017542604028313198,4.141180681385712,1.9886271687993693,2.1525534362665586,4.164344580279706,2.006069863748846,2.1582746393929737,70000,181.16283106803894,1255.3057324886322
50,0.09495033561435828,0.38,0.3488372093023256,0.5714285714285714,43,7,0.09495033561435828,0.0865726096654793,0.3486682501078676,0.005028973628887099,0.10888881866463762,0.10907100195337367,0.36115349565995847,0.004779343535643432,0.11313867427173435,0.0903327151295134,0.3184809853472291,9.50426591344736e-07,0.1642275718675656,0.11208041799308208,0.3873065365727673,0.0008060608956214129,4.133897691573539,1.985253714495501,2.1486439306216187,4.185843347163733,2.023669855518858,2.162173576021945,80000,180.89135098457336,1436.1970875263214
50,0.05661061354401338,0.62,0.6097560975609756,0.6666666666666666,41,9,0.05661061354401338,0.046306574427061424,0.1988379357491523,0.006197016694743912,0.07690649797171596,0.09403369765366945,0.3262619818266187,0.0005443734194823837,0.13781214819347823,0.06424131186830163,0.28682444881799124,1.1680005348978514e-06,0.1988731176998516,0.08866297568528303,0.38569113887197626,1.5437303497017004e-09,4.122220920575145,1.9774688424966675,2.1447521915631635,4.170991426462091,2.0126054438257475,2.1583860220534055,90000,185.6905710697174,1621.8876626491547
50,0.06716719788626188,0.6,0.5952380952380952,0.625,42,8,0.06716719788626188,0.06038679577647595,0.21699790337973407,0.006982115059765546,0.08386298279939544,0.08623656131585869,0.3578884835678167,0.004024655448061027,0.13092942965279772,0.08559054789499865,0.3146962259478022,9.520516042234487e-07,0.17391679430330356,0.10057758239781399,0.3811178583960667,0.0014576136552845198,4.124131075687128,1.9722963087030116,2.1518347609867994,4.156376977859604,1.9954749271464662,2.1609020834063117,100000,182.2838695049286,1804.1715364456177
50,0.07508774106104867,0.54,0.5365853658536586,0.5555555555555556,41,9,0.07508774106104867,0.07475465680884809,0.33229246780580635,0.007110641095469482,0.0639051342021206,0.06459264663863538,0.33810033759712266,0.0022353751527707678,0.10514367373342276,0.09119535966195408,0.29538466534754265,1.3182611280600055e-06,0.15740369058979875,0.08671374185464535,0.33921693739576925,0.0014223462589868703,4.149823496948553,1.9931035838681823,2.156719867558261,4.147206375011411,1.994259437427007,2.1529469836374506,110000,184.57504987716675,1988.7465901374817
50,0.096918189343184,0.48,0.40540540540540543,0.6923076923076923,37,13,0.096918189343184,0.08710630734804443,0.3047419341039334,0.004603938423390515,0.09456039690740427,0.10101806679904142,0.37385976090381473,0.0021359024606734966,0.116394907385224,0.07958979338037207,0.28755239764019325,8.981934738349896e-07,0.18840275704713932,0.1070046133694792,0.37056515864761935,0.013906714826310205,4.1162489277918235,1.9727805256864346,2.143468355368926,4.158754811606485,2.0106239385852374,2.1481307881224883,120000,184.89739727973938,2173.6439990997314
50,0.06841041206518782,0.54,0.5609756097560976,0.4444444444444444,41,9,0.06841041206518782,0.06870604222575286,0.2975103387341169,0.0028168737097429776,0.09962920574831106,0.09360999431281954,0.32419530414014824,0.0037090123856767334,0.13571306074767503,0.08332695645473275,0.31721291298231125,1.701945091449708e-06,0.18432031746554953,0.08754588641730479,0.37424545854046654,0.020239721260730637,4.110298158119125,1.9660747107053556,2.14422350156104,4.151683973060965,1.9958818906947977,2.1558019692669266,130000,184.3052363395691,2357.949239253998
50,0.07456330287654798,0.52,0.5121951219512195,0.5555555555555556,41,9,0.07456330287654798,0.06784132969786372,0.25496814956243685,0.0036320323402758196,0.08526498259064055,0.08195489801071419,0.3369655822307879,0.0030479936717671763,0.12317761597944157,0.08957408447189676,0.30921678683570436,9.081041808008985e-07,0.1762481378766729,0.09499979885944,0.37977150060317943,0.0015228499814232347,4.13807173109212,1.9838135989538426,2.1542581600830233,4.149996504617663,1.9946832335938243,2.1553131936725283,140000,185.78155303001404,2543.730796813965
50,0.07530008394406484,0.5,0.5142857142857142,0.4666666666666667,35,15,0.07530008394406484,0.08469781790849701,0.40438203571992676,0.0012177011140421148,0.08174649458949253,0.08396357185194064,0.3017137577989319,0.0010212455151018492,0.13772888137212008,0.08274221535148554,0.27626366867340935,1.3934731581400394e-06,0.20105939171152773,0.08666328918851186,0.3457347912848462,0.003650614321503082,4.121709719902541,1.9718294236218186,2.1498802410527684,4.169592115183864,2.0034753921840265,2.166116783356542,150000,183.68370127677917,2727.4145023822784
50,0.08031755245170283,0.44,0.4090909090909091,0.6666666666666666,44,6,0.08031755245170283,0.06759264007457565,0.35311426491419207,0.005197610748291243,0.07999991578097054,0.07095454097919279,0.25833409639071236,0.0013491869182227913,0.12617937385331687,0.09163583653056996,0.28637882585539043,1.140019580975296e-06,0.17223084170626093,0.07432684765437442,0.3638323494080315,0.006060266377471771,4.121237752644833,1.9731733477213362,2.148064404532912,4.143466601771257,1.991517777136366,2.1519487952748633,160000,184.58007073402405,2911.9945771694183
50,0.07021314943881389,0.58,0.6046511627906976,0.42857142857142855,43,7,0.07021314943881389,0.07431024527199988,0.27381445926724457,0.0022996677357301934,0.09804496790558512,0.10219947029247213,0.3975953444149337,0.0028870930190679814,0.12786096483235473,0.07954186555739298,0.28209970863504064,1.0296957352988226e-06,0.16451000563689547,0.08587169265192988,0.37530517848577816,0.00383855933772819,4.124336124270895,1.9783119657060737,2.146024106058089,4.1446785401269475,1.9849186577657902,2.1597598768637,170000,189.80699014663696,3101.8015747070312
50,0.07988400346328914,0.54,0.5,0.75,42,8,0.07988400346328914,0.07792039328814468,0.3026485142400959,0.005191585383930699,0.07567394681825972,0.08607036457594476,0.3931638684038634,0.0045121792453029575,0.10195404403768023,0.08694130161478529,0.31400427676736925,5.71912024627219e-07,0.16695519966849384,0.0983347487173032,0.34691432208242384,0.008099016423051173,4.1103649535601114,1.9634261929572538,2.1469387545989638,4.149559985715294,1.988669425921044,2.160890611956135,180000,184.4254822731018,3286.227065563202
50,0.06548248492325609,0.62,0.627906976744186,0.5714285714285714,43,7,0.06548248492325609,0.07883468057943062,0.38880731774279725,0.006013843503409258,0.06832045294170021,0.07445877621499869,0.35738980677805604,0.002332129304605478,0.11246490307185539,0.08351585376452207,0.28280448947168385,1.3437079623671814e-06,0.16414340391748258,0.07965017185652122,0.3836175792284107,0.0007227257688891997,4.122096336778725,1.9706026370995071,2.15149378651271,4.151148579427735,1.9918403189756648,2.1593082706070468,190000,188.0372245311737,3474.2642941474915
50,0.05769271006452701,0.64,0.6744186046511628,0.42857142857142855,43,7,0.05769271006452701,0.051458011915712296,0.21472630808478724,0.004847878510787595,0.07560811656212117,0.08229009185669836,0.3218017311278746,0.0017936903549054413,0.14854079719473742,0.0826007436898472,0.30020166587835967,1.1849694989703474e-06,0.17993990743295357,0.07996903384970473,0.36608877888654384,0.025145317218738097,4.11698512242498,1.961228432884865,2.155756589386829,4.136862844593193,1.9813107269196948,2.155552093049657,200000,183.45057463645935,3657.7148730754852
50,0.059125636306292556,0.68,0.6956521739130435,0.5,46,4,0.059125636306292556,0.07339322371384643,0.3258457526184138,0.0009185193550353582,0.061731208305928334,0.06754060098810652,0.22371086026293519,0.0010613525326438815,0.11777709313366151,0.08805681494963631,0.3069823335421498,1.3389951465232497e-06,0.13657350148157846,0.07536783338291522,0.3687380323148365,0.0005285534599817222,4.126352431980641,1.973124936402078,2.1532275814927773,4.157356295894058,1.9965961330012445,2.1607600978118815,210000,187.11712217330933,3844.831999540329
50,0.059497291732001495,0.66,0.6341463414634146,0.7777777777777778,41,9,0.059497291732001495,0.06642251971920905,0.32517362713462394,0.006384250230493817,0.07282970406352218,0.08169278844041292,0.3208153488958677,0.00501909770367878,0.12723613885402935,0.08085994633005888,0.33834748211493515,1.9153561645089924e-06,0.1716814175143396,0.09328932494089831,0.3832476980089167,0.0011293265798395155,4.102107644923841,1.957462375976938,2.144645205164398,4.140243130533687,1.9834102320014844,2.156832853683059,220000,181.69909858703613,4026.5311019420624
50,0.05107142358225397,0.78,0.75,0.9,40,10,0.05107142358225397,0.06905509439181894,0.3914015835300061,0.0008884738144921522,0.07351400982466093,0.0841951391222217,0.3352715723506695,0.00242914774039815,0.1407656954285843,0.09094534877856905,0.3464598846412786,1.0224514671615196e-06,0.19165124604854483,0.09281514206804803,0.37979053553011055,1.3541980820161242e-09,4.107492516675903,1.957869265441589,2.1496231858346424,4.149044244019535,1.9859589959930746,2.1630852161021537,230000,180.42564249038696,4206.956749200821
50,0.06444080067074427,0.66,0.5853658536585366,1.0,41,9,0.06444080067074427,0.08607083843469626,0.3549880930060117,0.0047772325919689,0.06146540016394893,0.08380233190645815,0.34723461520216703,0.003042813065168992,0.12275031074086153,0.08350650428040814,0.30489278387587004,1.1557906013007449e-06,0.18123152348428748,0.08604452798809868,0.35565222372446537,0.01733278771646371,4.120331068430614,1.9723300732988576,2.1480009759314034,4.117511810212468,1.9637848666764919,2.153726905447683,240000,181.4160294532776,4388.372782707214
50,0.050523382748297575,0.72,0.7297297297297297,0.6923076923076923,37,13,0.050523382748297575,0.05569221184968833,0.29654689206459356,0.003796129176472406,0.0743969061302894,0.08022233083512725,0.30029693919279155,0.0017772420646999646,0.13962470406048946,0.09615994126260137,0.31518740643596466,8.78717947078276e-07,0.20974408832499392,0.09318851745477756,0.37732555874379864,0.02278751215221835,4.105118422395571,1.9596407619528113,2.1454776794251975,4.125186150492213,1.9766581252347815,2.1485280149651023,250000,179.56543612480164,4567.938223600388
50,0.03954560079350842,0.8,0.7560975609756098,1.0,41,9,0.03954560079350842,0.03734681336282748,0.20389803615395116,0.0015927929735402046,0.08244950540148978,0.08782939492984239,0.36004391015384307,0.0013560732584815029,0.16695645447590424,0.06750837053746767,0.3193209913824624,1.2037882419550274e-06,0.21240575405111406,0.08474629504813666,0.37735995759840474,0.009668252243116345,4.1273772840377125,1.9711525647354726,2.156224745609516,4.156974520989166,1.9905967067972559,2.1663777430433724,260000,179.4861762523651,4747.42440366745
50,0.061393983561305196,0.68,0.6923076923076923,0.6363636363636364,39,11,0.061393983561305196,0.07323034528799274,0.3855311306836765,0.006446050542380563,0.06733111519858585,0.07491662236621104,0.32948890987785123,0.005573024904812055,0.13273390107372116,0.07673909710315646,0.2900860328340759,7.946816752377231e-07,0.17713185697169692,0.08098261848246806,0.34531414966110924,0.02094580251771742,4.1096341233377816,1.9610614765236183,2.1485726640251612,4.11343913228832,1.9626612219227728,2.150777913822059,270000,183.19260478019714,4930.617012500763
50,0.055113150391148606,0.68,0.6888888888888889,0.6,45,5,0.055113150391148606,0.0715806505594021,0.35070730385463034,0.004328299242523441,0.08435586897537106,0.09054738814713177,0.348474860851928,0.002304312753570249,0.13204258889091627,0.08803574468481665,0.3219486770968372,1.0321039656227927e-06,0.18563763492600663,0.10220808282547804,0.38883589921106865,0.0008118063307906935,4.09519452379684,1.9445583332481768,2.1506362275553976,4.152100096611031,1.9926571800818582,2.1594429150086216,280000,181.6213400363922,5112.238356351852
50,0.04019213048156216,0.84,0.8648648648648649,0.7692307692307693,37,13,0.04019213048156216,0.052537166590563206,0.2909855635786549,0.0016031502099289783,0.05140390927155085,0.05814795245926087,0.2704767955931141,0.0026813983825227363,0.12776633294542164,0.0866792133221876,0.30702040649003903,8.815192292794705e-07,0.18973280981111937,0.09128987338211293,0.3678625052437331,0.006593268034552126,4.091771681090811,1.9473149299493138,2.144456758677983,4.089549225293082,1.9458759140103485,2.143673361230795,290000,179.4034080505371,5291.641768693924
50,0.04327608817795667,0.74,0.7209302325581395,0.8571428571428571,43,7,0.04327608817795667,0.05395536267050393,0.29801535077343677,0.0042415857455599055,0.060546129188667024,0.07473924502309155,0.2653900353647524,0.001506348886137052,0.15001462534144788,0.09952840795166312,0.32359031151008055,9.501860560554622e-07,0.17350998012924992,0.09627330696694808,0.36646029015820775,0.012184845372599121,4.1192843145554425,1.9659894569008867,2.1532948420607987,4.139275225806447,1.9800572617969008,2.159217958667062,300000,180.6690845489502,5472.31085729599
50,0.07493424814407278,0.62,0.6153846153846154,0.6363636363636364,39,11,0.07493424814407278,0.08788974658330063,0.3568621247771722,0.003235302196786975,0.07924916003281707,0.0745632363491396,0.2661089511854662,0.0025229082390756216,0.14646986073057966,0.07239887227125077,0.29872530071711884,1.980388480569704e-06,0.19566225725672876,0.07098740258694088,0.3731487603901015,0.024978458784368374,4.1000252775823345,1.948843548050598,2.151181765267192,4.124399662934294,1.9645021173311537,2.1598975363622888,310000,178.8600471019745,5651.1709089279175
50,0.06815029123820807,0.64,0.65,0.6,40,10,0.06815029123820807,0.07964736170166073,0.36652032336347035,0.0025031374570152424,0.07062040564841772,0.08995436765021017,0.39219959981315344,0.0028333112193220118,0.1427639393406947,0.08828007576602169,0.2897347434405558,9.895967787860154e-07,0.18837124050149723,0.08270111103170624,0.35627937866133996,0.013025473799976872,4.107573741877517,1.952652476161817,2.154921253890071,4.130643115269437,1.971820856516178,2.158822201361611,320000,181.01303601264954,5832.18394947052
50,0.0688971354662709,0.64,0.625,0.7,40,10,0.0688971354662709,0.08211412305045965,0.3936489346553622,0.0016050199560709729,0.07485039410067632,0.07999397427776446,0.30339146292684566,0.0008729557179533475,0.132114962066085,0.07497678876328759,0.32105600967770626,1.073276864592961e-06,0.18329144724889193,0.09068330942253867,0.3437294379172329,0.021231963430581584,4.0972524766521445,1.9521142905859303,2.145138275827015,4.129830789832637,1.9742018413477918,2.1556289316534887,330000,179.62628555297852,6011.810238599777
50,0.06738859980970328,0.54,0.5128205128205128,0.6363636363636364,39,11,0.06738859980970328,0.07519638306810392,0.3793821490069894,0.0025289689858826007,0.07976830498350115,0.07905021281305491,0.24649125414558015,0.0027175255151458953,0.11041789328587129,0.08931154134126644,0.2877671872634903,8.170976645870807e-07,0.15315389111955993,0.09634813864731287,0.36809588129269927,0.00046588407496092886,4.08443801764386,1.9432600268847462,2.1411779797235035,4.1309550973940965,1.9738152411154808,2.1571398684411425,340000,181.83282685279846,6193.643069267273
50,0.0498203037396093,0.7,0.6923076923076923,0.7272727272727273,39,11,0.0498203037396093,0.05523095491075537,0.22024263600720684,0.004128530175075936,0.07871822433625116,0.08390646274192406,0.2751246665106866,0.0010039783019779058,0.15755415985663396,0.09164964063800435,0.3112980923875661,8.359900120121003e-07,0.18473064120295316,0.08987010843724279,0.3399509315904507,0.0007305031698371969,4.101652600730299,1.9517027087141858,2.149949917198957,4.160326191293029,1.9937751693234638,2.166551026221057,350000,180.46402382850647,6374.107096672058
50,0.07370602815619239,0.64,0.5945945945945946,0.7692307692307693,37,13,0.07370602815619239,0.07820065352745509,0.3177855234254049,0.002987208735808874,0.07180924969134461,0.06513599207204783,0.23275454398113532,0.0038566967249013375,0.12471467647950166,0.08694157617493069,0.2996241461883818,1.2934394253842245e-06,0.18296195231704565,0.08712775782343687,0.3529214044909841,0.0004435920853213083,4.106930677251054,1.9550103857650127,2.1519203252786783,4.129027320889503,1.9700698052834642,2.158957553955838,360000,179.76185655593872,6553.868957042694
50,0.05952663115671355,0.62,0.6216216216216216,0.6153846153846154,37,13,0.05952663115671355,0.06442493593370391,0.3828541124120733,0.0056406636935333555,0.08549003466738395,0.08771905145028298,0.3531851736650004,0.0006915101462951947,0.1274072464396514,0.09158180598477103,0.2994280836873946,9.640888671283392e-07,0.17065732949388937,0.09752856480963251,0.36591709239985176,0.000642154618746207,4.084778307622446,1.935496035287339,2.149282194478257,4.105540849183387,1.9577909662334343,2.1477498916079982,370000,179.91494369506836,6733.783905029297
50,0.09256610539195652,0.52,0.5,0.625,42,8,0.09256610539195652,0.0904842197024211,0.33674490653493816,0.0030498078804473755,0.08924264026689421,0.08532069927060175,0.29817657851083984,0.0018695288960370105,0.12288436503753843,0.07989809325902551,0.29452925948751035,9.57665625673061e-07,0.17591032478354995,0.07797712490462075,0.32982573166327656,0.017150153863249678,4.095208503831954,1.9442487791618905,2.1509597176905157,4.124424256856789,1.9685543247865105,2.155869903969437,380000,185.81243419647217,6919.5963435173035
50,0.05893746730344668,0.72,0.6829268292682927,0.8888888888888888,41,9,0.05893746730344668,0.0730896326014198,0.2801545275825931,0.0037081512089809053,0.06845706619075892,0.07828856146344124,0.2701905940459167,0.0013542457916524684,0.14020556771504053,0.09547653963985853,0.3142635274676707,9.404539686007625e-07,0.16265840214850907,0.08922590025438557,0.3444783248756179,0.000863374145433253,4.110223903555531,1.959517388245046,2.1507064578602835,4.131676676837763,1.976325230351523,2.1553515437064648,390000,182.12704420089722,7101.723392963409
50,0.04600451165154133,0.78,0.7948717948717948,0.7272727272727273,39,11,0.04600451165154133,0.0685262301850665,0.3597906382580488,0.004206509890970531,0.06246658117440384,0.06594082776105839,0.22103304840347976,0.0015815316393133856,0.12853013084570133,0.09867552582275255,0.32550976781121294,8.663542251133498e-07,0.17646183688313372,0.0965212512328072,0.3600840823396253,0.0005139676987412554,4.108767109665111,1.9537770077991254,2.1549900497502907,4.135853714493507,1.981442153226725,2.154411586724447,400000,185.51185631752014,7287.235253334045
50,0.055501371742290695,0.66,0.6829268292682927,0.5555555555555556,41,9,0.055501371742290695,0.0653882892772578,0.33235282843681074,0.0033482071051838683,0.0869450660014287,0.06917324710983361,0.2743820211869337,0.003323209411949316,0.14524548520606761,0.09388685866112839,0.31479828904202806,1.450495708969631e-06,0.18277028596663414,0.08278047631964594,0.34565458434696783,0.0076842435158543335,4.106305950637059,1.9550706774215005,2.1512352656156297,4.103268223572459,1.9494123574625002,2.153855881853619,410000,186.32265186309814,7473.557909727097
50,0.05437092016357323,0.56,0.6222222222222222,0.0,45,5,0.05437092016357323,0.048348413273854085,0.24457245077210216,0.004754597641057961,0.08282902838647384,0.07588675363026627,0.22471035541100928,0.001181574035952855,0.13558669000836013,0.09150550375067149,0.2996392307704653,1.2290255440875044e-06,0.14293881464843705,0.08617635999933804,0.3661843472780189,0.011230810722606949,4.106847355195543,1.951940371103336,2.1549069897489534,4.112978798910477,1.9612979518551636,2.1516809002977784,420000,186.41537952423096,7659.973293304443
50,0.03842859459775892,0.8,0.7674418604651163,1.0,43,7,0.03842859459775892,0.05119834501419679,0.23174155183810352,0.002247340802284872,0.05676303473241233,0.07892939859613049,0.2624481670413184,0.0015305599454676893,0.12995317437110476,0.08010099946550053,0.2951617246207788,1.1567870652573372e-06,0.1795713903080205,0.08254333223162384,0.3489753576094974,1.66978562891648e-09,4.0898362572312115,1.9433380532178588,2.1464981915911023,4.1450538643948125,1.9815674695124463,2.1634863407289275,430000,182.89420628547668,7842.867504119873
50,0.06397083323628103,0.68,0.6190476190476191,1.0,42,8,0.06397083323628103,0.07504382313347917,0.32277912475589093,0.0023426145432097014,0.06453830077632544,0.06773845046662247,0.25180879866424966,0.0018479521137316063,0.11415059164797837,0.088427887730626,0.31704609978288406,1.1417346744273264e-06,0.17899950311915538,0.08407657704966044,0.3824432599042773,0.0016335549202074195,4.09328703944953,1.941742372293408,2.1515446411363888,4.137581508430719,1.9764805685507527,2.161100982615764,440000,178.39944219589233,8021.266950130463
50,0.050471690346453685,0.66,0.6444444444444445,0.8,45,5,0.050471690346453685,0.055630814659922416,0.2501211559002986,0.0030855152832482587,0.07302360145227442,0.0799313359501583,0.3059346979731186,0.0014504177399313068,0.13367152665611556,0.0963118183947111,0.2986204533141454,1.0029739154069677e-06,0.17752616459288265,0.0797483425288351,0.3228740928638741,0.0035242623610672475,4.075319624816338,1.9303383472925923,2.144981356121706,4.111249194771428,1.9594937311762815,2.1517555638726207,450000,179.2662968635559,8200.53325176239
50,0.05904378204456285,0.72,0.7,0.8,40,10,0.05904378204456285,0.06695205540000362,0.2572796939065908,0.0045387195841265155,0.0778209829718651,0.07475762564942637,0.2335791737651766,0.0011459179422810347,0.14031639309090488,0.08025382684993361,0.31980225613989843,1.088471563234452e-06,0.17517544763734352,0.07793461310261394,0.35971904672154614,0.004575848843998261,4.099917427814497,1.949444213099132,2.1504732063148615,4.110945670618494,1.9558008094466208,2.155144989797588,460000,186.1752028465271,8386.70845913887
50,0.06918397684355763,0.6,0.6052631578947368,0.5833333333333334,38,12,0.06918397684355763,0.08032687896786879,0.31250216009681586,0.0011614608452901575,0.08092501748362696,0.08051132865326839,0.278587629033668,0.002372301942524038,0.12040179247125715,0.07703882303728848,0.30586573159539837,8.635685269040057e-07,0.16200295892677363,0.09131466121445503,0.35446898062369897,0.0006367364181620428,4.096693465637799,1.9473868632939277,2.1493065443743173,4.108748460610247,1.9488772807886294,2.1598711550815812,470000,183.24865245819092,8569.957116127014
50,0.06323421867872342,0.68,0.6829268292682927,0.6666666666666666,41,9,0.06323421867872342,0.0714019279491756,0.3320462336830376,0.002162177435677927,0.07723961323676734,0.0814228933870294,0.3686919759903136,0.0034207800492076614,0.11964752412561315,0.08303418066893598,0.3348182305200628,9.328151567042958e-07,0.1595587154007703,0.09311062569664606,0.3768380947369957,0.0009033863234885521,4.102337987487252,1.9480877438179784,2.154250311940962,4.1029656960618155,1.95262836135357,2.1503373015622054,480000,182.36926102638245,8752.326381206512
50,0.06212207892758545,0.7,0.6944444444444444,0.7142857142857143,36,14,0.06212207892758545,0.07780818365955332,0.3966970326027022,0.005366461434762218,0.0658225650440047,0.0830227525373081,0.32239021006401153,0.0010719220227812173,0.148383047394503,0.0809175517441322,0.32603089493293025,1.5296769067507645e-06,0.2044112040435064,0.08028040743953166,0.3667614060206562,0.000731138415354274,4.104211822281843,1.947886776410272,2.156324948521097,4.134427571296074,1.9775782764442116,2.1568492883445143,490000,181.54186749458313,8933.868260622025
50,0.041367423341117225,0.8,0.85,0.6,40,10,0.041367423341117225,0.05054072992599473,0.22183923224166543,0.0008294897870242782,0.06306194337876707,0.08816874117635021,0.3635495453653088,0.0011090343928074294,0.14497341950996337,0.07999668404852879,0.3417386049058167,9.529196850426953e-07,0.17454651306679025,0.09515153934218894,0.3938605374583112,0.011070382888989599,4.106652223470075,1.9600113041522804,2.146640892255374,4.115497125763171,1.9581107657980497,2.1573864009132078,500000,188.7183825969696,9122.586647748947
50,0.03958412126673794,0.82,0.8292682926829268,0.7777777777777778,41,9,0.03958412126673794,0.0510392675787689,0.20914679749003418,0.0020864403574100405,0.05077031146805426,0.08045541119950092,0.3991133332002381,0.0031558279444589793,0.13454445338578025,0.0883142336499753,0.34152799892773616,1.2418449541828873e-06,0.14574991233742296,0.07796218799340464,0.3529154050188066,2.610218940552512e-09,4.098656450267654,1.9443119648465679,2.1543444691342817,4.110445935143572,1.9613527590224045,2.1490932318027505,510000,181.7019248008728,9304.288576364517
50,0.06877657717683508,0.66,0.65,0.7,40,10,0.06877657717683508,0.08327955261612556,0.3039772155431487,0.0028466241154236002,0.0826274662923136,0.09162385821132381,0.32521089395744024,0.0025294855652777263,0.1296000266223318,0.0809543644692179,0.2751204159350816,1.0424376164624961e-06,0.1789049759526126,0.09339772999731283,0.37198108285570397,1.4688579124475681e-09,4.09860936880243,1.9413070846968294,2.1573023255761474,4.1376238389627895,1.9719843230926446,2.165639448483191,520000,181.42252826690674,9485.711113929749
50,0.033371815187921185,0.78,0.7555555555555555,1.0,45,5,0.033371815187921185,0.042774960653973106,0.22782867356953357,0.0023713634437341033,0.05393045948882373,0.07220799225264467,0.2491147979723475,0.001926231772274942,0.13087504682357387,0.07868819371548723,0.31860873167002957,1.0609095591703376e-06,0.16037380730838907,0.07276458184068804,0.3661958439624025,0.000417454370116355,4.096872356194082,1.9475531685030933,2.14931915528672,4.11723238508614,1.9617932655636205,2.155439132768336,530000,184.6031699180603,9670.314288139343
50,0.04756366671065308,0.72,0.7380952380952381,0.625,42,8,0.04756366671065308,0.05966417170740968,0.3016096018637544,0.002853299487084709,0.07267794720676388,0.08032611983034313,0.26537022866032234,0.0020827305262729493,0.13600922518767836,0.09810505759065069,0.32252066909577937,8.728672266941175e-07,0.18600341960120048,0.08926302310189907,0.3379866641526045,0.015254675829808582,4.098214432405025,1.9503671348669123,2.1478473307438164,4.114684421166052,1.9551408102558954,2.159543591045147,540000,196.33219027519226,9866.646481990814
50,0.04865696977092245,0.72,0.7317073170731707,0.6666666666666666,41,9,0.04865696977092245,0.051630806431312334,0.22588901181821422,0.005508094299714745,0.0696868854094801,0.07527545735554679,0.30516129133522163,0.0025324597670051117,0.13572094747030972,0.09481515848128265,0.30241016515193286,1.0592714440247653e-06,0.18311218329410836,0.0804666512213813,0.3504750627010973,0.01750355684714879,4.092262109943189,1.939148709706768,2.1531134614920187,4.129408939703454,1.9674675591518502,2.161941316116123,550000,157.76551818847656,10024.412008523941
50,0.04726165548990825,0.76,0.7619047619047619,0.75,42,8,0.04726165548990825,0.061421044467246236,0.2861742137887005,0.002932322405875005,0.063202007021375,0.0763291298112402,0.2574165707458136,0.0020823175063256006,0.1405282659892307,0.08436027831373502,0.29377093944655186,1.3004296766391149e-06,0.17217747376661963,0.08453539153873738,0.36026944939581795,0.017925738725949145,4.104821765097548,1.9504996977111353,2.1543220593737793,4.107842493758385,1.9601537704274514,2.14768859940292,560000,150.64562106132507,10175.057633638382
50,0.060605932263199075,0.66,0.6052631578947368,0.8333333333333334,38,12,0.060605932263199075,0.07280991084339525,0.3286288390089473,0.0017597850691173603,0.05931004653093635,0.06934768739911724,0.21013724476183557,0.0013418614606256476,0.14270110580565834,0.07547760848147282,0.3064389871605765,1.2316691270519372e-06,0.19708004319552225,0.0722892600757381,0.36788081196358235,0.025018955992953666,4.117628529766493,1.9652702638071569,2.15235838930077,4.107355978473117,1.9553144757366117,2.1520413981917517,570000,146.79132509231567,10321.848962783813
50,0.06421007271857102,0.72,0.6923076923076923,0.8181818181818182,39,11,0.06421007271857102,0.08446267287209668,0.39613973272924036,0.001948263089564556,0.07824332516964301,0.07272097330153454,0.2428277752346002,0.00347979735555514,0.15442726782228455,0.08832642151507472,0.34128847080689867,8.226129134505347e-07,0.18730849406433836,0.08886790021811534,0.3565846231925645,0.002597592705397579,4.105668400456753,1.9555288641514668,2.1501395886893757,4.116881511128233,1.9615164271507162,2.1553651146848187,580000,150.81423950195312,10472.663207292557
50,0.051482926002600383,0.76,0.8,0.6,40,10,0.051482926002600383,0.07346495387768996,0.36473469186784363,0.004904889419746735,0.05733675405816296,0.07206357969522136,0.28348294684093683,0.002162164251425647,0.12053833623394179,0.08415513394695479,0.3086121404595354,9.514257695005913e-07,0.16224191186625522,0.08017705347503289,0.35369524600043617,0.0004599256656334175,4.101592354104555,1.9476816782415904,2.153910686612757,4.111821418961372,1.958442633026837,2.1533788262030957,590000,151.41247463226318,10624.075685977936
50,0.028741964681802387,0.86,0.8205128205128205,1.0,39,11,0.028741964681802387,0.040342455648872136,0.19474937870460518,0.0029495551493789714,0.04822532697089888,0.0726209010445087,0.2532836090476459,0.001724322986571764,0.16005025373808898,0.09278437485726539,0.3400242420876093,8.514580460493075e-07,0.17499030259135887,0.08915518149655541,0.36123287091788275,1.9013908102970255e-09,4.100701798420521,1.9472334403028224,2.1534683369275474,4.1278479777394255,1.9716913436441126,2.1561566600318964,600000,150.45872354507446,10774.534413337708
50,0.047317289205698325,0.76,0.7,1.0,40,10,0.047317289205698325,0.0693891222990198,0.39092787247044936,0.0014233495582676467,0.057909225670315465,0.0633799941953224,0.23056054896417952,0.000979565463008727,0.1322031127291431,0.08078012397034533,0.2862740590298968,9.294880485403169e-07,0.17299722370066742,0.07980861974092829,0.3662010334131835,0.003608793184715422,4.085037292669677,1.9294441293086346,2.155593192411395,4.091911749668587,1.9410386749152249,2.150873087350475,610000,150.47893905639648,10925.013355970383
50,0.05269611142271588,0.76,0.75,0.7857142857142857,36,14,0.05269611142271588,0.074562547401006,0.32274189466127795,0.0014442333761346317,0.06908624752026,0.08125309400643829,0.32598186826282993,0.0012407147164275954,0.10324170893416534,0.06955787709630269,0.2742649276263504,1.0654368822912239e-06,0.1541567551483393,0.10299552532601156,0.37863211918539946,0.004014994048609745,4.097919050531828,1.9455991047859151,2.15231986065848,4.122482538293885,1.96704964588095,2.155432893731233,620000,146.5568926334381,11071.570253610611
50,0.04074625576172423,0.74,0.7142857142857143,0.875,42,8,0.04074625576172423,0.04104501345432566,0.17791106373434862,0.0005312077128419585,0.05952436586410371,0.074636955014847,0.38168295040756606,0.002322789575520592,0.12880905722976912,0.07830208885307166,0.28546885854164017,9.264000237205625e-07,0.1487473447321355,0.07505322169487902,0.3482547911266501,0.011988274155090656,4.096666980121902,1.9482789928769333,2.148388046558631,4.10973833995423,1.955975625585272,2.1537627922279774,630000,128.83232998847961,11200.402594804764
50,0.06286859027889646,0.64,0.6136363636363636,0.8333333333333334,44,6,0.06286859027889646,0.08308837758719981,0.32687893487639413,0.004064341104858722,0.06334574309212213,0.0744332740965196,0.2748440010982321,0.0010876743776763028,0.13360251098312326,0.0894091198854274,0.309803740646255,1.0768600104767798e-06,0.17523381439404895,0.08359682233230518,0.37694375797037716,0.0007818813774422084,4.10377588456705,1.9395930944290267,2.1641827371786384,4.1035623285890575,1.94698813805512,2.1565742502553356,640000,128.2838912010193,11328.686490297318
50,0.05595235489340899,0.66,0.6190476190476191,0.875,42,8,0.05595235489340899,0.06275246574013493,0.2544240580501576,0.004710060575500298,0.06945793270973936,0.07443922233478292,0.22437894628528685,0.00221457331494053,0.11982396787616047,0.08860953498933548,0.3237456571356188,8.919987844692888e-07,0.1400875635692333,0.08965815653061611,0.35716121276190077,0.0004510637032094405,4.090688357705558,1.9402964484047933,2.1503919871919535,4.097950635831554,1.946014149715301,2.1519364601806763,650000,129.2147343158722,11457.901228666306
50,0.05263759646561151,0.68,0.6666666666666666,0.75,42,8,0.05263759646561151,0.06335692304960389,0.23436244460164482,0.002777946578833803,0.05506088069489849,0.06717083576153586,0.360303960644017,0.00020863157592592178,0.13575691611472107,0.0887154409443904,0.2914920401186378,6.528944443883821e-07,0.16287587965226993,0.08392515814126973,0.3395024317553942,0.002247472386922278,4.090850618773151,1.940684449065577,2.1501662429675164,4.113411706554425,1.9627257489495507,2.1506859128171127,660000,134.4077181816101,11592.308950662613
50,0.054065850058101494,0.7,0.6111111111111112,0.9285714285714286,36,14,0.054065850058101494,0.06523321348249274,0.26250764352880135,0.002016687800279592,0.05723880818646836,0.06451779867209502,0.20638792783742899,0.002313488486871123,0.13107507207269145,0.08109866852802063,0.3231222302221514,9.077361328371376e-07,0.19450927022176775,0.09119687462138333,0.3753862935894233,0.023388312282501426,4.0588048440434985,1.9144002093643564,2.144404664473664,4.105257323803699,1.9535282377028829,2.151729032758007,670000,128.96363401412964,11721.272588014603
50,0.046746033302641335,0.72,0.7142857142857143,0.75,42,8,0.046746033302641335,0.06758488841650624,0.3337821415990102,0.0013626180182964975,0.057137937079043105,0.06477538501833689,0.2378646420885718,0.003456559322467623,0.14076115772519535,0.07692401436218725,0.3161078007515816,1.1125450964065979e-06,0.17299298123872425,0.07871794677349674,0.3572762619474822,0.04540357290047882,4.113873002661952,1.9564603308338226,2.1574127404498498,4.0990204866811935,1.9464614339707893,2.1525590541894255,680000,135.6728072166443,11856.945399284363
50,0.06156145856293588,0.64,0.6341463414634146,0.6666666666666666,41,9,0.06156145856293588,0.07750831061688715,0.30005458112036204,0.0017401008329769887,0.08173068355405456,0.0800425921787071,0.2627633887138575,0.0034347027605784583,0.15760249381781305,0.07982798957277201,0.32733696264712653,9.649063978316075e-07,0.18901465917077814,0.08551971158742827,0.35440617701954624,0.02001802573447208,4.0946816539815085,1.945397353988675,2.1492842437652504,4.114188985958258,1.9590124152629138,2.15517655304173,690000,135.30580496788025,11992.251208305359
50,0.05240013688352813,0.7,0.7,0.7,40,10,0.05240013688352813,0.06854193969201969,0.2668669397285329,0.0009652712797134056,0.06262670041727908,0.06781045694679202,0.23092658501791938,0.0005632808184930003,0.1430231612050781,0.08723759583277597,0.30626062340032506,9.071622663383972e-07,0.17661730601394576,0.07348935575929953,0.3434988780400239,0.006024248182489398,4.102345694536186,1.949785913322607,2.1525597829411875,4.0978669596631025,1.9451897735608927,2.152677154412192,700000,130.11352062225342,12122.36473274231
50,0.05849460120003019,0.72,0.6829268292682927,0.8888888888888888,41,9,0.05849460120003019,0.08153195341095998,0.3584093214408508,0.0031529557287753684,0.05522112095308109,0.07033014038857464,0.3593335894885159,0.002789826362180792,0.13139853495948203,0.08714499558221607,0.27675018667901435,7.986342007620559e-07,0.16521021677632197,0.08675694738810323,0.36362675083385554,0.002476954856699045,4.090405513397397,1.9388138568102367,2.1515916972389535,4.115399676470922,1.960541086199338,2.1548586043821762,710000,128.521231174469,12250.885967731476
50,0.053208026535851535,0.74,0.7631578947368421,0.6666666666666666,38,12,0.053208026535851535,0.07132116404861649,0.35941857262181437,0.004373708895050086,0.06812081376574074,0.07119223482464063,0.2132587833151404,0.0023588364021460088,0.12400705985080783,0.07681746135788599,0.26613613507624506,1.0210047280306478e-06,0.18158214163951977,0.08225805755163985,0.3757243902458051,3.2137245945219593e-09,4.101638977011146,1.9493843787868903,2.152254579294777,4.099799402861985,1.9462188064447847,2.153580605504022,720000,128.35273098945618,12379.238701820374
50,0.053795989610816636,0.64,0.6428571428571429,0.625,42,8,0.053795989610816636,0.06138055843651577,0.25836944022408204,0.0028709861833848853,0.05918617875590708,0.0674654051386092,0.2296603006752619,0.0017735872341593938,0.12045753252201402,0.08283108590346472,0.28620779701073285,5.478612583253667e-07,0.1665234580821541,0.08475157094365458,0.3594718495346666,0.0023082451809738943,4.100847774301947,1.9467433258822602,2.1541044411530317,4.115035879596355,1.9636371249728972,2.1513986871886353,730000,130.1698682308197,12509.408573389053
50,0.045308537542201266,0.76,0.7380952380952381,0.875,42,8,0.045308537542201266,0.0621971013680673,0.30025716596864005,0.0015662221510404858,0.07088764551677279,0.07160335477859439,0.2318306080671536,0.0013502797376947681,0.1428876635537679,0.0852787232177943,0.30040243246782267,1.0725847197630374e-06,0.16940547678586582,0.09418459832273457,0.37724464673716374,0.0073503062508632,4.082238590566781,1.9337380358596272,2.148500647743946,4.090341812278785,1.9421850103490228,2.14815675720262,740000,136.63571739196777,12646.044297218323
50,0.053259989395644476,0.68,0.5945945945945946,0.9230769230769231,37,13,0.053259989395644476,0.0648945336171471,0.2734071915253556,0.0010542037086540175,0.0739072680413983,0.07527344461404765,0.27017065707425764,0.0012262585868524876,0.13757435768593823,0.0843407708591243,0.3059560236651785,1.0496299274208717e-06,0.18928576189946256,0.08892034466676137,0.3701118036026626,0.01985606643337257,4.096665981190788,1.9461232645682232,2.150542717926828,4.086303341312714,1.9357015103937911,2.1506017924556344,750000,130.83702111244202,12776.88132238388
50,0.03225465570367744,0.86,0.8974358974358975,0.7272727272727273,39,11,0.03225465570367744,0.0449864711994567,0.2318267134697507,0.004969647315324588,0.05753086006728794,0.08237008133443596,0.3979400041558504,0.000824489746559002,0.13194371594671225,0.09277084380236988,0.32223072416405873,6.442467089531891e-07,0.16352591717962345,0.09270392196789623,0.34756910799678914,0.0006343661242108256,4.071353841677709,1.9199533686896975,2.1514004602514207,4.12022969119346,1.958684705747693,2.1615449069807187,760000,129.73356914520264,12906.61489534378
50,0.06554216399610847,0.64,0.6046511627906976,0.8571428571428571,43,7,0.06554216399610847,0.08518677045510233,0.37781544836096626,0.0007777794138192238,0.0705404285784296,0.07565983629275015,0.27298009056739797,0.0024648754055255876,0.1388799935822109,0.07655996720351751,0.2973708591406602,1.006008383413136e-06,0.17737252627327493,0.08010309855585777,0.36817990242180154,1.330807659028179e-09,4.09647134963629,1.941013611137186,2.155457689707683,4.095624602655214,1.947304819890645,2.148319768705248,770000,130.0744457244873,13036.689345121384
50,0.043689763011798464,0.7,0.631578947368421,0.9166666666666666,38,12,0.043689763011798464,0.05207017238285193,0.2981419724315047,0.0023702191656075487,0.06937270242201786,0.07930805825697367,0.34259895516305183,0.003421877745096022,0.14475289544239034,0.08427263730119627,0.31819598054626974,9.931421904896528e-07,0.18577505114977289,0.09278721647446539,0.3635298056726632,0.017285473556097383,4.095929656001196,1.9468714096497957,2.149058266781405,4.103563731967715,1.9511687102798263,2.152395123835921,780000,127.02005410194397,13163.709406137466
50,0.0428402882291486,0.76,0.7631578947368421,0.75,38,12,0.0428402882291486,0.057823800538504284,0.2226090190760561,0.0032185611293946564,0.05520552424657143,0.0789694301962991,0.40371343930705106,0.0015041250050348363,0.1293269011108143,0.08844297393297029,0.3187233485245625,1.0209166057768756e-06,0.15806877218940002,0.09471366612558016,0.37089572662069814,0.01951797957030625,4.096196516349511,1.938122997692418,2.1580735290565283,4.089286032795583,1.9402380119463367,2.149047957331154,790000,130.19989228248596,13293.90930223465
50,0.0548431041118961,0.72,0.7317073170731707,0.6666666666666666,41,9,0.0548431041118961,0.07094624356239686,0.2698000850896251,0.002969874701920384,0.06959798619613201,0.08718751863793257,0.32532367936187195,0.0012195993953191902,0.15745093798604154,0.08165979086231341,0.2815710006609022,1.0292378980457752e-06,0.17824560895162345,0.07970318301602881,0.3450463480867891,0.012821648324981566,4.073687373968571,1.9257321036561232,2.1479552456183835,4.0896364401530905,1.936191471294366,2.1534449759374787,800000,129.4145655632019,13423.323872089386
50,0.0611878389998809,0.74,0.7647058823529411,0.6875,34,16,0.0611878389998809,0.08316622860325551,0.391828852739009,0.0008228950593417772,0.08920915162984298,0.08794260554936219,0.3141357169592666,0.0029710620839463824,0.12989079024844183,0.0827876973869315,0.31945695208133185,1.1050144317263006e-06,0.17621927382787433,0.08356130623252477,0.3682290925650365,0.005464460483047737,4.1024214858220365,1.949023351853426,2.153398182019544,4.116526806473442,1.9611273446757553,2.155399342133076,810000,123.24888157844543,13546.572757005692
50,0.04704618163361541,0.82,0.8,0.9,40,10,0.04704618163361541,0.06883015568866037,0.3776619220546937,0.005479548916690479,0.0650746188159068,0.07528098247266131,0.3128303280555519,0.0013037083214173482,0.13280184080484259,0.08244933877351768,0.3108777128650364,5.88133937975332e-07,0.18638991515708303,0.08875060101707972,0.35619463709488497,0.021873075364333694,4.082872541566854,1.9341549051279552,2.148717687588169,4.090945140031726,1.9394005000853407,2.151544664597564,820000,123.92506909370422,13670.497829914093
50,0.041361435865122295,0.84,0.875,0.7,40,10,0.041361435865122295,0.07214927852692106,0.3337754698618092,0.002800736425733063,0.07007084903161502,0.08074293757041985,0.27791581819177685,0.0018300916762306637,0.14122379928224277,0.09417887094260545,0.29948031707249445,1.703569707196093e-06,0.16469648707581222,0.10025791793979115,0.35451104601176686,0.001142098214342128,4.090717624076701,1.9445158319478493,2.1462017272174854,4.093391729247129,1.942005215923457,2.151386455570355,830000,127.03945517539978,13797.537288665771
50,0.02684308291271715,0.9,0.868421052631579,1.0,38,12,0.02684308291271715,0.027642406578301085,0.16360823268568855,0.0021579358516082194,0.04019367783730888,0.046765985135060625,0.16682668350572366,0.0008123154858576854,0.13355311967597483,0.08365203273150888,0.29258895528393647,1.0385427358256632e-06,0.1764134045615915,0.09201317283382965,0.3562842137563467,0.0008889041322956987,4.058846546937543,1.9144691580693143,2.1443773868917937,4.088369608647004,1.942035933457152,2.1463337690178697,840000,130.05480241775513,13927.592094659805
50,0.03012468776645515,0.84,0.8461538461538461,0.8181818181818182,39,11,0.03012468776645515,0.04125138187311689,0.2080376377700225,0.001355433695056173,0.050495694088583815,0.08058152204863908,0.37282570958214656,0.0010941297666548116,0.14473046322877223,0.08093342092192696,0.315362504913136,9.757890254338932e-07,0.17342806945971542,0.08759328900677278,0.34332896873014623,0.009357547596848759,4.102885313526912,1.9466363877200574,2.1562489231513564,4.085197545293202,1.9379241856012064,2.147273409643301,850000,128.4830174446106,14056.075116157532
50,0.05797505443595982,0.74,0.7272727272727273,0.8333333333333334,44,6,0.05797505443595982,0.0777333719680407,0.3882629808454178,0.00028902969335838205,0.06241641903150575,0.07879459340582805,0.3331679604466952,0.0026730646128267834,0.13127801976564737,0.07933121023377192,0.291595626503846,9.73619435607032e-07,0.1696000482941966,0.0754008851459053,0.3556507358591633,0.005824799672771096,4.067693716297297,1.916308871990169,2.151384823743049,4.0988650023185516,1.9473841008259538,2.15148102253954,860000,126.38395476341248,14182.459074497223
50,0.04714609210576942,0.76,0.75,0.8,40,10,0.04714609210576942,0.06449325312775908,0.3265061775315392,0.002014984825886194,0.0586179963201787,0.06619071213528144,0.2284471012668602,0.0011969614072630608,0.14171798264957503,0.0795344884107195,0.3309635716238093,8.486781287905688e-07,0.18067001526563684,0.0984079466722979,0.38417624383978516,4.602753394278824e-09,4.085930990431104,1.934242498791482,2.1516883966148126,4.089921155931122,1.9367283954314405,2.1531929176696845,870000,127.23536396026611,14309.694442749023
50,0.05555092709220842,0.7,0.6744186046511628,0.8571428571428571,43,7,0.05555092709220842,0.07231685396485772,0.30043276092476195,0.0015654453613688911,0.06791272683930984,0.06706741801119029,0.22209738635296558,0.001491740320317163,0.1306144528521447,0.08828397996896302,0.3160458817986835,9.638081431011508e-07,0.15709736964959725,0.08755390566141437,0.3302300115022295,0.0009853272914792316,4.088768900114041,1.9371263548218556,2.1516425136432673,4.099745844702834,1.9474600075110797,2.152285733295632,880000,127.4107813835144,14437.10522723198
50,0.04091473491691688,0.82,0.8205128205128205,0.8181818181818182,39,11,0.04091473491691688,0.05275509744649258,0.21423945683028553,0.0020155171079483643,0.05513788855187149,0.06444090795334882,0.23722304262200009,0.000801384935504857,0.14211048410802224,0.09126120369097691,0.32573107743836555,7.492857095876772e-07,0.16500055553712836,0.09574633726679914,0.3840233095466364,0.001025971347626967,4.09695725265007,1.9478419416386656,2.1491152465379586,4.090254506979238,1.9407538899667047,2.149500626384065,890000,128.13186478614807,14565.237100601196
50,0.0534752893615308,0.74,0.6486486486486487,1.0,37,13,0.0534752893615308,0.07203071440191264,0.35202645670745275,0.0015994529859115149,0.06419437673481926,0.07725974127095328,0.25399191799190424,0.0005838254778050839,0.1293838683011486,0.09061442033973917,0.3087313004104341,9.169199883096464e-07,0.1939600079681948,0.07464810913470665,0.3622502515376267,0.036898192762417736,4.074805526348756,1.9311243986580944,2.143681085925545,4.092553917506653,1.9392287946859936,2.153325090491464,900000,132.58099126815796,14697.818096876144
50,0.05574578280583429,0.72,0.6410256410256411,1.0,39,11,0.05574578280583429,0.07929628354239969,0.3555349922749589,0.0008413530909864189,0.06715588060480374,0.07554176699318357,0.2639571849272431,0.00042244748603449694,0.14699801491998624,0.0960409688797001,0.3189373912388626,9.968747907353944e-07,0.17966407481111454,0.09641763327745746,0.3694685252937755,0.0002451526871177512,4.06380428437096,1.921722476107288,2.1420818185666026,4.09217179224078,1.9405336130977298,2.151638277085548,910000,130.61207342147827,14828.430173873901
50,0.06838303185872642,0.72,0.7105263157894737,0.75,38,12,0.06838303185872642,0.10138535901898045,0.3934892550312544,0.002627708063842082,0.06389458695236837,0.07762661308968888,0.2738046535453436,0.0007756419647129455,0.12468846744487293,0.08513494708035307,0.3131350185115346,1.1895954638056465e-06,0.16509228466380554,0.07980765340531956,0.3418085464985826,0.024598016526551737,4.08651039858664,1.93741197958732,2.1490983129749845,4.094579597133681,1.9451067303811012,2.149472853656291,920000,134.10063338279724,14962.530812263489
50,0.04626503855262976,0.72,0.7,0.8,40,10,0.04626503855262976,0.057156548778294285,0.2618172359243526,0.0031212382115608497,0.05396280807014522,0.07267868636447626,0.3561518677849813,0.0016507481266654631,0.1496813049748075,0.08674371657825378,0.301288396885261,1.1226993403831884e-06,0.16083623190389673,0.07798528647465913,0.30669359808541635,0.0010250330741684403,4.099966156048987,1.9482861794704234,2.1516800768282707,4.088324128825751,1.940315575805563,2.1480085637170996,930000,134.98133063316345,15097.51214647293
50,0.04660557058641269,0.72,0.7,0.8,40,10,0.04660557058641269,0.0536951368377651,0.2627185523313008,0.001972339958901314,0.06430141832455505,0.06891523181160994,0.23297715122638177,0.0017731639592643198,0.13816481037353257,0.08500934555733244,0.319324352240514,1.0245817094347597e-06,0.1655430414865395,0.09182936871593513,0.3636301722333577,0.00029873515541203963,4.08382596474141,1.9345402933931646,2.1492856649582643,4.095605594497987,1.9453642714569874,2.15024129879723,940000,128.952871799469,15226.465022325516
50,0.0346001182753874,0.84,0.868421052631579,0.75,38,12,0.0346001182753874,0.039736025081152766,0.17607061688224518,0.0007554689068719012,0.073474715701287,0.09389546536659672,0.32092427518230054,0.002052843440538068,0.13251119855297505,0.0858625417218283,0.33515647571970997,1.6128974124739543e-06,0.18539728325483001,0.09367430420979374,0.37620947025161194,0.012534143598471189,4.0696035848251935,1.9243579043362544,2.14524565916909,4.112399553122787,1.9602349802956323,2.1521645897593413,950000,129.24857449531555,15355.713600635529
50,0.05117814453315424,0.74,0.7317073170731707,0.7777777777777778,41,9,0.05117814453315424,0.07941834359747016,0.386748523572585,0.0023451206138179344,0.06303587629735709,0.0836499857760857,0.3424936670017327,0.0010307907864162342,0.1411201662822001,0.09372969624406627,0.31083736903200593,1.341304700169713e-06,0.16217619994159954,0.07990854871538199,0.3692902217948904,0.0005147423662878262,4.076208870895243,1.9290648019209422,2.147144098791147,4.110902308274907,1.9532491485037298,2.1576531233800686,960000,125.89363384246826,15481.607237815857
50,0.03111313252720624,0.94,0.9210526315789473,1.0,38,12,0.03111313252720624,0.05503816658901419,0.30209984604734386,0.0029210239813443595,0.04913237640523709,0.05407913607617766,0.1965818201144226,0.002222806476890111,0.16339571183091986,0.08951087371282455,0.3216208515611548,1.011592576778103e-06,0.2004365512270236,0.07954453826828671,0.35542968682262005,0.021165690159549538,4.077185085978225,1.925062016848535,2.152123097054253,4.071077765542497,1.9198474518505302,2.1512302972348696,970000,124.2403838634491,15605.847626209259
50,0.03373659349674186,0.76,0.717948717948718,0.9090909090909091,39,11,0.03373659349674186,0.03518663173335318,0.13414019842462682,0.0017239590804314247,0.06165532282779825,0.08072845683952667,0.2952702951374255,0.004540568533600855,0.12424723094738,0.09777235089200599,0.33639749208585634,1.0030616730689626e-06,0.16598082274208573,0.09414336392508484,0.3434038411453622,0.00047549701269781233,4.080217344751468,1.9274537214573744,2.1527636261924976,4.098667584699811,1.9409065988771,2.157760967795462,980000,254.05969905853271,15859.907330274582
50,0.03229125394972853,0.84,0.868421052631579,0.75,38,12,0.03229125394972853,0.05092804793302517,0.33982082145624937,0.002110251787229369,0.06141331693336648,0.08968620820412655,0.3631979097918625,0.0020002631168973975,0.1326448770559268,0.08667633415981416,0.3153566353451808,1.387876202146277e-06,0.15770373002865004,0.08548009427814547,0.33932967823832944,0.005934245019600581,4.0963111634204274,1.9455618395586132,2.1507492744399115,4.09839434723625,1.9459234420596867,2.152470933132594,990000,326.23789048194885,16186.145231723785
50,0.03894474722042029,0.78,0.8205128205128205,0.6363636363636364,39,11,0.03894474722042029,0.05585839582947109,0.2940100055680634,0.0016567200926330817,0.05978827195725303,0.0697861116263328,0.23973006014639067,0.0022838045114285865,0.15258571305051855,0.09697065729232258,0.31217680568826245,1.185705263876591e-06,0.1733282875541384,0.09024985406659708,0.3746865629740896,0.0005587413536236238,4.081020345179914,1.9332724550375502,2.147747864307754,4.117104709269123,1.9584733352873116,2.158631325196989,1000000,330.43153858184814,16516.576776504517
