Eval num episodes,Eval avg final dist,Eval success ratio,Eval final l2 distance Mean,Eval final l2 distance Std,Eval final l2 distance Max,Eval final l2 distance Min,Eval final shaped distance Mean,Eval final shaped distance Std,Eval final shaped distance Max,Eval final shaped distance Min,Eval l2 distance Mean,Eval l2 distance Std,Eval l2 distance Max,Eval l2 distance Min,Eval shaped_distances Mean,Eval shaped_distances Std,Eval shaped_distances Max,Eval shaped_distances Min,policy loss,timesteps,epoch time (s),total time (s),Conditional loss,Marginal loss,Validation loss,Conditional Validation loss,Marginal Validation loss
50,0.48310892771552083,0.0,0.48310892771552083,0.25851241735452124,1.0545394887138222,0.10599064013391699,0.48310892771552083,0.25851241735452124,1.0545394887138222,0.10599064013391699,0.48310892771552083,0.25851241735452124,1.0545394887138222,0.10599064013391699,0.48310892771552083,0.25851241735452124,1.0545394887138222,0.10599064013391699,0,0,3.4951729774475098,3.495176315307617,0,0,0,0,0
50,0.13036048569783668,0.36,0.13036048569783668,0.10305307128178832,0.44710228234455696,0.006052116232247256,0.13036048569783668,0.10305307128178832,0.44710228234455696,0.006052116232247256,0.18116569421620357,0.18793552685201162,1.3055727108580337,0.0017412074917448398,0.18116569421620357,0.18793552685201162,1.3055727108580337,0.0017412074917448398,4.252936032427681,2.0926176245357153,2.160318407494286,4.3606357524955115,2.15878726230292,2.2018484217535224,2000,19.368086099624634,22.863269090652466
50,0.10553146286300712,0.58,0.10553146286300712,0.14697236446191075,0.7012496888411932,0.0042086018298079985,0.10553146286300712,0.14697236446191075,0.7012496888411932,0.0042086018298079985,0.1730163359782883,0.21438026055800014,1.0189235760243762,0.0038598844091000807,0.1730163359782883,0.21438026055800014,1.0189235760243762,0.0038598844091000807,4.225041970036362,2.065163549161267,2.1598784208994037,4.387156370503939,2.1700643713462564,2.2170919431900264,4000,34.71287941932678,57.57615327835083
50,0.15061732850584567,0.58,0.15061732850584567,0.17363262735680712,0.7627585264322421,0.007270784973779523,0.15061732850584567,0.17363262735680712,0.7627585264322421,0.007270784973779523,0.21140554216168647,0.22006255116350368,0.9444042881643361,0.0028804627405787466,0.21140554216168647,0.22006255116350368,0.9444042881643361,0.0028804627405787466,4.252666025091111,2.07890402180845,2.1737620699983435,4.354088792483892,2.1457946124952767,2.2082941092831687,6000,34.39265275001526,91.96881079673767
50,0.19437197639345244,0.54,0.19437197639345244,0.29576618175730574,1.1959598397083266,0.007909882863652419,0.19437197639345244,0.29576618175730574,1.1959598397083266,0.007909882863652419,0.23139088558265267,0.3069714921020447,1.209480110098788,0.0031740169046573547,0.23139088558265267,0.3069714921020447,1.209480110098788,0.0031740169046573547,4.256597056096568,2.079016894793595,2.1775801285108822,4.34565621252561,2.1372988849764742,2.208357314843442,8000,34.72851204872131,126.69732785224915
50,0.2837801541062438,0.5,0.2837801541062438,0.3156377161323023,1.018944455925491,0.005571355145592849,0.2837801541062438,0.3156377161323023,1.018944455925491,0.005571355145592849,0.32070832665298477,0.31749382954999766,1.0748492199925863,0.004904606880899461,0.32070832665298477,0.31749382954999766,1.0748492199925863,0.004904606880899461,4.263699740462591,2.086589522595206,2.177110229331072,4.337124652965035,2.12689515803452,2.2102295189229153,10000,34.337777853012085,161.03511476516724
50,0.11354359971213958,0.82,0.11354359971213958,0.19694690948855573,0.7138440008007294,0.0031171487650582122,0.11354359971213958,0.19694690948855573,0.7138440008007294,0.0031171487650582122,0.16627538257176835,0.23880875235962784,1.0276289395316702,0.0031006520362095663,0.16627538257176835,0.23880875235962784,1.0276289395316702,0.0031006520362095663,4.204868781503898,2.044583538525716,2.1602852929591583,4.292116188777137,2.089471364477652,2.2026447847805346,12000,33.15089678764343,194.1860167980194
50,0.17736015301766828,0.76,0.17736015301766828,0.32625873244670434,1.1582551382859114,0.0011800141650773867,0.17736015301766828,0.32625873244670434,1.1582551382859114,0.0011800141650773867,0.23777964230407192,0.34472616442081405,1.1582551382859114,0.0010787083232950854,0.23777964230407192,0.34472616442081405,1.1582551382859114,0.0010787083232950854,4.175348680760604,2.0184160281137955,2.1569326748643434,4.273629219750902,2.085113502955652,2.1885157050750137,14000,34.537166118621826,228.72318816184998
50,0.13574834331627272,0.78,0.13574834331627272,0.230640449790621,0.8249740256791543,0.005490604143840776,0.13574834331627272,0.230640449790621,0.8249740256791543,0.005490604143840776,0.20229194524186006,0.2647885545906654,1.0504495073521602,0.004756105295181323,0.20229194524186006,0.2647885545906654,1.0504495073521602,0.004756105295181323,4.139577961516542,1.9924511794655748,2.147126873537742,4.1927525486839885,2.020852460493113,2.171900061956782,16000,34.57404971122742,263.29724287986755
50,0.1988871503274238,0.74,0.1988871503274238,0.31159795356133113,1.1353045563155424,0.0028991611552809226,0.1988871503274238,0.31159795356133113,1.1353045563155424,0.0028991611552809226,0.24660464556007974,0.3219963774728857,1.1353045563155424,0.0028991611552809226,0.24660464556007974,0.3219963774728857,1.1353045563155424,0.0028991611552809226,4.098081246396366,1.9638912999656684,2.1341899493335497,4.1762578493255145,2.0112620482494172,2.164995789654789,18000,34.988571882247925,298.2858238220215
50,0.08273773691536385,0.88,0.08273773691536385,0.17536226450379275,0.7651280474430512,0.005696736210931079,0.08273773691536385,0.17536226450379275,0.7651280474430512,0.005696736210931079,0.15872320083146496,0.23911843056252136,1.0824833309001456,0.0027930300135451495,0.15872320083146496,0.23911843056252136,1.0824833309001456,0.0027930300135451495,4.0753481942621335,1.9585022886079286,2.1168459216907642,4.189133781966008,2.0267803127409105,2.1623534989810853,20000,34.17239499092102,332.45822405815125
50,0.07560987756195527,0.92,0.07560987756195527,0.17459717321935633,0.8643441972507433,0.004857126213012306,0.07560987756195527,0.17459717321935633,0.8643441972507433,0.004857126213012306,0.13980257045332398,0.22749841068611668,1.0645043282899795,0.0024764502626223985,0.13980257045332398,0.22749841068611668,1.0645043282899795,0.0024764502626223985,4.04947341992566,1.9404494540532327,2.1090239039440726,4.160370641016129,2.004826385576055,2.155544277736097,22000,32.969178438186646,365.42740845680237
50,0.07870072017847254,0.9,0.07870072017847254,0.15685956519344949,0.7266358958399909,0.0018073194352463318,0.07870072017847254,0.15685956519344949,0.7266358958399909,0.0018073194352463318,0.13898253297886368,0.21424992311822935,1.0154996461795571,0.000986301000440023,0.13898253297886368,0.21424992311822935,1.0154996461795571,0.000986301000440023,4.035421794154294,1.925740046358632,2.1096817574037883,4.188210141787796,2.0296918367792443,2.158518353452926,24000,34.3637478351593,399.79116106033325
50,0.11366523663091672,0.86,0.11366523663091672,0.24924073927926893,1.0496053852298228,0.0038239504276495855,0.11366523663091672,0.24924073927926893,1.0496053852298228,0.0038239504276495855,0.17993427926421546,0.2840872292964415,1.0496053852298228,0.0038239504276495855,0.17993427926421546,0.2840872292964415,1.0496053852298228,0.0038239504276495855,4.017593040614779,1.9212437255588797,2.0963493544475478,4.1464557545339815,1.9903168158076678,2.156138956032725,26000,34.108874797821045,433.9000413417816
50,0.09675483641964581,0.86,0.09675483641964581,0.18758889145447125,0.8213642808200726,0.004535374222809614,0.09675483641964581,0.18758889145447125,0.8213642808200726,0.004535374222809614,0.1779299463653287,0.2611770706885223,1.1485700784776847,0.0005051937159964567,0.1779299463653287,0.2611770706885223,1.1485700784776847,0.0005051937159964567,4.010786341143429,1.916005389796453,2.09478097234863,4.123615268821342,1.9784422802346096,2.145172882978123,28000,34.08393359184265,467.9839804172516
50,0.05671411477839063,0.88,0.05671411477839063,0.11811374017118037,0.6923639786094394,0.005540783080009092,0.05671411477839063,0.11811374017118037,0.6923639786094394,0.005540783080009092,0.1262499225323836,0.21126316219543334,1.1141245066102992,0.0026798850580393493,0.1262499225323836,0.21126316219543334,1.1141245066102992,0.0026798850580393493,3.966791680568431,1.8865086539975418,2.0802830743877223,4.157063988386842,2.0039364308281735,2.153127564043456,30000,34.13951086997986,502.1234965324402
50,0.07081932171042173,0.88,0.07081932171042173,0.1419423565165514,0.7041383965939713,0.0028047567717043383,0.07081932171042173,0.1419423565165514,0.7041383965939713,0.0028047567717043383,0.1328165055756203,0.20220388220828736,0.9958158383395483,0.0016916591022160432,0.1328165055756203,0.20220388220828736,0.9958158383395483,0.0016916591022160432,3.9562771869071325,1.8830715397223865,2.0732055877755275,4.124948383106141,1.9809555533254541,2.1439928129603785,32000,33.788482427597046,535.911984205246
50,0.16298444284942268,0.7,0.16298444284942268,0.25154785143764125,0.8648009136428849,0.003739512208569848,0.16298444284942268,0.25154785143764125,0.8648009136428849,0.003739512208569848,0.22766962101096602,0.2736270489150487,1.0917949444110895,0.00260810231086383,0.22766962101096602,0.2736270489150487,1.0917949444110895,0.00260810231086383,3.955810721455154,1.8751655220374834,2.0806452389512704,4.084509978195697,1.9570197008380512,2.127490292888225,34000,33.21997308731079,569.1319622993469
50,0.0688274688819873,0.92,0.0688274688819873,0.16624253544888024,0.7402845606873946,0.007991512790857861,0.0688274688819873,0.16624253544888024,0.7402845606873946,0.007991512790857861,0.14685675855687963,0.24009344690198453,1.0931716233391826,0.001379332001971401,0.14685675855687963,0.24009344690198453,1.0931716233391826,0.001379332001971401,3.954773018937281,1.8767708440959485,2.0780021531924264,4.085433160141664,1.9566457400126493,2.128787464300753,36000,34.1589732170105,603.2909400463104
50,0.17828400530491872,0.74,0.17828400530491872,0.2796931551605517,0.8449864360244767,0.00462894192160604,0.17828400530491872,0.2796931551605517,0.8449864360244767,0.00462894192160604,0.2327908419377986,0.29808930561758556,1.0704616905268693,0.0020819600326078902,0.2327908419377986,0.29808930561758556,1.0704616905268693,0.0020819600326078902,3.9363968844515904,1.8703785579041006,2.0660183725735215,4.03152864853589,1.9173882524748809,2.1141403209788807,38000,34.13279747962952,637.4237430095673
50,0.13464525795196416,0.82,0.13464525795196416,0.2571428949027253,1.0956230743005009,0.00452072687277122,0.13464525795196416,0.2571428949027253,1.0956230743005009,0.00452072687277122,0.20610335704932672,0.28720576401593373,1.166150505379139,0.0003762539529463304,0.20610335704932672,0.28720576401593373,1.166150505379139,0.0003762539529463304,3.9467958666928147,1.8685323087236534,2.0782635401245364,4.0921430329898385,1.9590072636055176,2.1331357802002393,40000,34.10469102859497,671.5284397602081
50,0.15278608219269288,0.78,0.15278608219269288,0.26290306187070894,0.824330118839833,0.006080056031693121,0.15278608219269288,0.26290306187070894,0.824330118839833,0.006080056031693121,0.22232934220691714,0.292425566066072,1.032144042348476,0.0011840563403226537,0.22232934220691714,0.292425566066072,1.032144042348476,0.0011840563403226537,3.9253453358616546,1.8571023248771508,2.0682430350038583,4.074508619090852,1.9508260349445823,2.1236826196475516,42000,33.51125431060791,705.039698600769
50,0.056877460314143945,0.92,0.056877460314143945,0.12045068702151987,0.6196637426251125,0.003220503192139803,0.056877460314143945,0.12045068702151987,0.6196637426251125,0.003220503192139803,0.13205985387501643,0.21121664932596043,1.0518861119771785,0.0009493567374649768,0.13205985387501643,0.21121664932596043,1.0518861119771785,0.0009493567374649768,3.8989633364357,1.844390207040334,2.0545731195531896,4.04326546445769,1.9295962671799984,2.113669151827624,44000,33.34324097633362,738.3829445838928
50,0.05589283251598337,0.94,0.05589283251598337,0.12383132165839038,0.7090388441118612,0.0038364757860618573,0.05589283251598337,0.12383132165839038,0.7090388441118612,0.0038364757860618573,0.13543842383829177,0.21549309288461388,1.0448917700322315,0.0038364757860618573,0.13543842383829177,0.21549309288461388,1.0448917700322315,0.0038364757860618573,3.912843721006448,1.8509911735683648,2.0618526654489138,4.090314091749973,1.9629980579552888,2.1273160577310426,46000,34.125550985336304,772.5085036754608
50,0.08712058720466859,0.88,0.08712058720466859,0.19447714000767372,0.801024084413271,0.004524386335159797,0.08712058720466859,0.19447714000767372,0.801024084413271,0.004524386335159797,0.16367552519154374,0.2545645650163753,1.1412192674443453,0.0020170002742243526,0.16367552519154374,0.2545645650163753,1.1412192674443453,0.0020170002742243526,3.8842429316206206,1.8285185070030714,2.0557244294131993,4.049975644587624,1.9345879033227833,2.115387732874837,48000,34.13177728652954,806.6402864456177
50,0.05559177665329393,0.96,0.05559177665329393,0.13374606897459018,0.7178812528343751,0.0007203418740165188,0.05559177665329393,0.13374606897459018,0.7178812528343751,0.0007203418740165188,0.13622118793421933,0.23025208070416514,1.126991064955903,0.0007203418740165188,0.13622118793421933,0.23025208070416514,1.126991064955903,0.0007203418740165188,3.866412623888185,1.8179413838830936,2.0484712101842515,4.038765059252453,1.930247258174853,2.108517802985114,50000,34.125601291656494,840.7658929824829
50,0.07653677479198141,0.9,0.07653677479198141,0.17167544929186754,0.7815126435053348,0.0028859706063623105,0.07653677479198141,0.17167544929186754,0.7815126435053348,0.0028859706063623105,0.1404299007103812,0.2319486135886247,1.2070885711057457,0.0024497260436240004,0.1404299007103812,0.2319486135886247,1.2070885711057457,0.0024497260436240004,3.8761077191133024,1.8361391099618978,2.0399686459692967,4.030758793207176,1.9322789652393193,2.0984798268979334,52000,33.52951431274414,874.2954125404358
50,0.0301644770982652,0.98,0.0301644770982652,0.04270331066995705,0.31157049724295977,0.0018868346727168056,0.0301644770982652,0.04270331066995705,0.31157049724295977,0.0018868346727168056,0.09725701941305664,0.17409991906086686,1.0705296835581954,0.00012446471437546833,0.09725701941305664,0.17409991906086686,1.0705296835581954,0.00012446471437546833,3.8835986621174525,1.8372479076335717,2.0463507776171292,3.9912536101641893,1.9008300513267165,2.090423460575622,54000,33.73420286178589,908.0296211242676
50,0.09522388400940318,0.88,0.09522388400940318,0.21151185420945745,0.9548014347886062,0.0013866718933038817,0.09522388400940318,0.21151185420945745,0.9548014347886062,0.0013866718933038817,0.1827132612477923,0.2716700958618709,1.1722355238371864,0.0013866718933038817,0.1827132612477923,0.2716700958618709,1.1722355238371864,0.0013866718933038817,3.8653925271404015,1.8225534881982164,2.0428389873767827,4.008922148250254,1.9161461224344836,2.0927759852619836,56000,33.75032711029053,941.7799534797668
50,0.0845336614110677,0.88,0.0845336614110677,0.18468814830551247,0.8862646141045185,0.00823975535080255,0.0845336614110677,0.18468814830551247,0.8862646141045185,0.00823975535080255,0.15525585298024808,0.24065045514820047,1.1136447245125582,0.0011627008627814355,0.15525585298024808,0.24065045514820047,1.1136447245125582,0.0011627008627814355,3.878897925105646,1.8254183808243316,2.0534795859909134,4.013031747491263,1.9160404466098786,2.0969912962711534,58000,34.170074701309204,975.9500331878662
50,0.10293014368734375,0.88,0.10293014368734375,0.22414609384019094,0.9920268716821734,0.005378269208556275,0.10293014368734375,0.22414609384019094,0.9920268716821734,0.005378269208556275,0.19072552147842103,0.2822793008260668,1.1499097848741124,0.0005754181175625578,0.19072552147842103,0.2822793008260668,1.1499097848741124,0.0005754181175625578,3.8651640051231624,1.8238309060662845,2.04133310804545,3.999310944155969,1.9047088250991113,2.0946021156911563,60000,34.11404585838318,1010.0640842914581
50,0.1257132858981984,0.82,0.1257132858981984,0.2465341792231415,0.9732036753225449,0.005584778242390316,0.1257132858981984,0.2465341792231415,0.9732036753225449,0.005584778242390316,0.18819325023651073,0.2785147875076204,1.0695361306784232,0.004285567446460353,0.18819325023651073,0.2785147875076204,1.0695361306784232,0.004285567446460353,3.8604811129107657,1.8166830451162737,2.0437980059847485,3.9600423075742994,1.8841910077826682,2.075851261520597,62000,33.53916788101196,1043.603256702423
50,0.059077318931627716,0.92,0.059077318931627716,0.13466786787180782,0.8679249706169495,0.004188268235075583,0.059077318931627716,0.13466786787180782,0.8679249706169495,0.004188268235075583,0.13068931037681703,0.21709552422313458,1.0308531631712692,0.004085129800945111,0.13068931037681703,0.21709552422313458,1.0308531631712692,0.004085129800945111,3.860843926937188,1.819037679331177,2.0418063425335213,3.971972625831189,1.8907964652610671,2.08117618982331,64000,34.32036280632019,1077.9236252307892
50,0.07395592280171061,0.94,0.07395592280171061,0.20136319197341723,0.9406609910977283,0.00259621205682444,0.07395592280171061,0.20136319197341723,0.9406609910977283,0.00259621205682444,0.15436940238418495,0.2643355679263414,1.1058314483023974,0.00259621205682444,0.15436940238418495,0.2643355679263414,1.1058314483023974,0.00259621205682444,3.841672108973366,1.8046018557647103,2.037070252597405,3.935450165721914,1.8635900045220548,2.071860167316281,66000,33.69735527038574,1111.620985507965
50,0.058601899193774745,0.94,0.058601899193774745,0.14337382086563646,0.7961629691130605,0.0023934872081033043,0.058601899193774745,0.14337382086563646,0.7961629691130605,0.0023934872081033043,0.1112124375898196,0.19729576148368405,0.9079104298774459,0.002373088351386836,0.1112124375898196,0.19729576148368405,0.9079104298774459,0.002373088351386836,3.8337638608949516,1.7973968954480743,2.0363669393039925,3.9647923876299114,1.8813114792959598,2.0834809107921393,68000,34.49138522148132,1146.1123757362366
50,0.07172150055857089,0.92,0.07172150055857089,0.16138589345085702,0.8166338221961875,0.006078872746249718,0.07172150055857089,0.16138589345085702,0.8166338221961875,0.006078872746249718,0.14190580435099823,0.22728748249302613,1.1410543099538335,0.0018590525661645236,0.14190580435099823,0.22728748249302613,1.1410543099538335,0.0018590525661645236,3.8345794829964723,1.798657941705397,2.035921560071729,3.931882686802271,1.867174101806461,2.064708615110844,70000,34.40334224700928,1180.5157232284546
50,0.06283043799670288,0.9,0.06283043799670288,0.15033186568942467,0.7813817582296156,0.0029776988659523263,0.06283043799670288,0.15033186568942467,0.7813817582296156,0.0029776988659523263,0.14477065219728283,0.23946230821130826,1.0789546526411442,0.0014818640669356042,0.14477065219728283,0.23946230821130826,1.0789546526411442,0.0014818640669356042,3.8471245987314546,1.8083384896092773,2.038786101886994,3.947092118078142,1.8800629100677737,2.067029212998903,72000,33.843353271484375,1214.3590817451477
50,0.0964698594698786,0.88,0.0964698594698786,0.2004405477878931,0.7955750421411478,0.004918343676925255,0.0964698594698786,0.2004405477878931,0.7955750421411478,0.004918343676925255,0.17924074008449026,0.2638993665383407,1.107675399725973,0.0017746131623726771,0.17924074008449026,0.2638993665383407,1.107675399725973,0.0017746131623726771,3.8333558325611357,1.7938471450200653,2.039508677819965,3.937573297108979,1.8693400922104504,2.068233216199932,74000,35.192052125930786,1249.5511403083801
50,0.019693603461525773,1.0,0.019693603461525773,0.011088115101007974,0.056236388982260056,0.00222226617030098,0.019693603461525773,0.011088115101007974,0.056236388982260056,0.00222226617030098,0.0961740194368947,0.18060893177553589,0.9803579459082153,0.001657968624967059,0.0961740194368947,0.18060893177553589,0.9803579459082153,0.001657968624967059,3.84606505931788,1.8146958909913797,2.031369165247595,3.882046062516782,1.8346801442381673,2.0473659058233578,76000,34.211668729782104,1283.7628145217896
50,0.11353564787366842,0.82,0.11353564787366842,0.22137787809634704,0.9450953987037378,0.004307581037306191,0.11353564787366842,0.22137787809634704,0.9450953987037378,0.004307581037306191,0.17771470430021377,0.25924331895330194,1.1093645612327239,0.0027412904484282606,0.17771470430021377,0.25924331895330194,1.1093645612327239,0.0027412904484282606,3.848737262555999,1.8115858891894343,2.037151365031861,3.9277089334705586,1.8573194296902784,2.070389521839991,78000,34.79393148422241,1318.5567510128021
50,0.05164888300738716,0.96,0.05164888300738716,0.1401803892312362,0.7590621808954369,0.0030200811042799887,0.05164888300738716,0.1401803892312362,0.7590621808954369,0.0030200811042799887,0.13291334655118006,0.2337757587301633,1.1853059962177275,0.002612698426543044,0.13291334655118006,0.2337757587301633,1.1853059962177275,0.002612698426543044,3.849120942854395,1.8123985981437154,2.036722389334596,3.9024273986531512,1.8502166329534573,2.0522107252550437,80000,34.80194711685181,1353.3587033748627
50,0.08501432507839288,0.92,0.08501432507839288,0.214702842982611,0.8877681565048603,0.0023851451204583763,0.08501432507839288,0.214702842982611,0.8877681565048603,0.0023851451204583763,0.16353019326014306,0.2724689025186833,1.1544103374529853,0.0013852057794342784,0.16353019326014306,0.2724689025186833,1.1544103374529853,0.0013852057794342784,3.8377703434719166,1.8056472306338258,2.032123140576219,3.909368998596587,1.8530756451243993,2.056293336823222,82000,34.08039665222168,1387.4391045570374
50,0.09417788064882451,0.88,0.09417788064882451,0.2001243811947211,0.8099822402488732,0.0009892914546243757,0.09417788064882451,0.2001243811947211,0.8099822402488732,0.0009892914546243757,0.17246830910463024,0.26061024945368094,1.1334591340950684,0.0009881743338597381,0.17246830910463024,0.26061024945368094,1.1334591340950684,0.0009881743338597381,3.7979322786102583,1.780873799400766,2.017058504864627,3.9319132443685305,1.8647965932406552,2.0671166808026977,84000,35.02441954612732,1422.4635293483734
50,0.06408275188128762,0.94,0.06408275188128762,0.1629728098195793,0.770639683997847,0.004285872384894185,0.06408275188128762,0.1629728098195793,0.770639683997847,0.004285872384894185,0.13476302771695292,0.228403838759489,1.0946872479163654,0.0011157463335778285,0.13476302771695292,0.228403838759489,1.0946872479163654,0.0011157463335778285,3.8629858862264217,1.8151605123102972,2.047825322083294,3.888334449106979,1.8345266093629924,2.0538078377658318,86000,34.48594784736633,1456.9494831562042
50,0.07454074024138208,0.92,0.07454074024138208,0.18625023202871396,0.8519602625099373,0.0021364441954549326,0.07454074024138208,0.18625023202871396,0.8519602625099373,0.0021364441954549326,0.14995967443010838,0.24651548440604265,1.0751335448293418,0.00040803306609093115,0.14995967443010838,0.24651548440604265,1.0751335448293418,0.00040803306609093115,3.815977850336724,1.7929336101794981,2.0230442961911987,3.9044825882919763,1.8465259851334561,2.05795666429863,88000,34.03175592422485,1490.9812445640564
50,0.2592892177831019,0.7,0.2592892177831019,0.3673021629092202,0.993336082238173,0.004048832929447328,0.2592892177831019,0.3673021629092202,0.993336082238173,0.004048832929447328,0.30109390689998894,0.36800752561112876,1.0793318138077597,0.0008308206301189303,0.30109390689998894,0.36800752561112876,1.0793318138077597,0.0008308206301189303,3.8391224270956057,1.8120619683390926,2.027060443687385,3.94270667476242,1.8730905422150899,2.0696161414489196,90000,34.610557556152344,1525.5918068885803
50,0.16839127877323395,0.76,0.16839127877323395,0.27006627094644875,0.9473666999674208,0.004985932814780807,0.16839127877323395,0.27006627094644875,0.9473666999674208,0.004985932814780807,0.22325369994115946,0.28745954567516846,1.1737339170814864,0.002007231253361063,0.22325369994115946,0.28745954567516846,1.1737339170814864,0.002007231253361063,3.8275662430455633,1.798634060518946,2.028932200866515,3.9509615798061914,1.8824678895807934,2.068493755544502,92000,34.65157651901245,1560.24338889122
50,0.09840866958108213,0.88,0.09840866958108213,0.21734474019005204,0.927334465367175,0.003052004060426678,0.09840866958108213,0.21734474019005204,0.927334465367175,0.003052004060426678,0.18184644975841183,0.275323882413861,1.0707541563727,0.002587556936167467,0.18184644975841183,0.275323882413861,1.0707541563727,0.002587556936167467,3.8158507941672264,1.795327948073696,2.0205228593965794,3.9163399766076608,1.8529562922767677,2.0633837436628104,94000,34.82901954650879,1595.0724129676819
50,0.10909236189321515,0.84,0.10909236189321515,0.21218957800431043,0.8361002213359346,0.0026133661352438294,0.10909236189321515,0.21218957800431043,0.8361002213359346,0.0026133661352438294,0.18429720549984033,0.2662303613343518,1.1745451407378358,0.0013192952641794084,0.18429720549984033,0.2662303613343518,1.1745451407378358,0.0013192952641794084,3.864383946224521,1.818810283815686,2.045573665531777,3.883477314865324,1.8382812118230567,2.045196098582086,96000,34.86842370033264,1629.9408421516418
50,0.09134251457247164,0.9,0.09134251457247164,0.20863959154641495,0.7563037951943087,0.003836949991047624,0.09134251457247164,0.20863959154641495,0.7563037951943087,0.003836949991047624,0.16421359082627135,0.26002587570427466,1.0537074720760073,0.0024546281362593835,0.16421359082627135,0.26002587570427466,1.0537074720760073,0.0024546281362593835,3.844953024365695,1.8017457156448573,2.043207281353586,3.8848759737915555,1.8334301821122427,2.0514457810745244,98000,34.36669373512268,1664.3075408935547
50,0.25576065528105807,0.6,0.25576065528105807,0.3104311656729439,0.9886348723723102,0.00243191460223503,0.25576065528105807,0.3104311656729439,0.9886348723723102,0.00243191460223503,0.31339389855338323,0.31229055263919825,1.1441933394181136,0.002431804737717779,0.31339389855338323,0.31229055263919825,1.1441933394181136,0.002431804737717779,3.8497466063255774,1.816143307986832,2.033603329880236,3.8816039052013482,1.8288107352514646,2.0527931994706963,100000,35.04304051399231,1699.3505866527557
50,0.09368392313164282,0.92,0.09368392313164282,0.23770737466795497,0.9994441899389875,0.0028999858239513484,0.09368392313164282,0.23770737466795497,0.9994441899389875,0.0028999858239513484,0.15994492864874157,0.2738739614607591,1.16586643082495,0.0025820745307716993,0.15994492864874157,0.2738739614607591,1.16586643082495,0.0025820745307716993,3.819163151468956,1.7935907289238382,2.0255724501989065,3.846808973239796,1.8122330087694998,2.0345759600743,102000,34.692314863204956,1734.0429077148438
50,0.0848901507143259,0.9,0.0848901507143259,0.18817883686001272,0.7310930233579335,0.0015297340276049657,0.0848901507143259,0.18817883686001272,0.7310930233579335,0.0015297340276049657,0.13776019993038657,0.2289496900804195,1.1232467256587728,1.3687835241246547e-06,0.13776019993038657,0.2289496900804195,1.1232467256587728,1.3687835241246547e-06,3.8135151116003043,1.7924103537609954,2.0211047271405302,3.8970199671934163,1.8555746360972019,2.0414453250346516,104000,34.99480175971985,1769.0377140045166
50,0.229577275081281,0.68,0.229577275081281,0.316598262617782,0.9041339398157959,0.001817831146425448,0.229577275081281,0.316598262617782,0.9041339398157959,0.001817831146425448,0.2717899695990621,0.3214273572863514,1.1312461821494963,0.00181649254540032,0.2717899695990621,0.3214273572863514,1.1312461821494963,0.00181649254540032,3.8389081605755493,1.8083674606890174,2.0305406989897157,3.8846915390394967,1.8375916623910813,2.0470998919481995,106000,34.780210733413696,1803.8179297447205
50,0.14269183354770962,0.84,0.14269183354770962,0.2679365596399878,0.8039948553109915,0.00497702084287047,0.14269183354770962,0.2679365596399878,0.8039948553109915,0.00497702084287047,0.20138733118405835,0.2955242883559701,1.2133773399553396,0.0007484493048453729,0.20138733118405835,0.2955242883559701,1.2133773399553396,0.0007484493048453729,3.8113280703630252,1.7862025561691963,2.025125565445191,3.832498312360259,1.8061966744002393,2.0263015526644526,108000,33.88647961616516,1837.7044188976288
50,0.08132811859229579,0.9,0.08132811859229579,0.1846854726385819,0.8386650854533059,0.0037389427867342727,0.08132811859229579,0.1846854726385819,0.8386650854533059,0.0037389427867342727,0.15643947781849243,0.2420869979020231,0.9852450918501131,0.0018413478418800432,0.15643947781849243,0.2420869979020231,0.9852450918501131,0.0018413478418800432,3.853193244178849,1.8144423584395901,2.038750868241214,3.9140420048176536,1.8486493713722636,2.0653926388532526,110000,34.69330668449402,1872.3977315425873
50,0.09568809917239834,0.88,0.09568809917239834,0.2195715063239423,0.9239106776555966,0.0033951270838098358,0.09568809917239834,0.2195715063239423,0.9239106776555966,0.0033951270838098358,0.14807213020905755,0.25286373444862964,1.130879223536365,0.000797328917531351,0.14807213020905755,0.25286373444862964,1.130879223536365,0.000797328917531351,3.7875476773889845,1.7781424104026098,2.0094053681681983,3.88011296009641,1.83550508033745,2.0446078497904328,112000,33.738683462142944,1906.1364195346832
50,0.11367792440409825,0.86,0.11367792440409825,0.23228003119063978,0.7881311708376635,0.0030370920905483764,0.11367792440409825,0.23228003119063978,0.7881311708376635,0.0030370920905483764,0.16906627278024727,0.26010755577514477,1.0523716459445682,0.0030370920905483764,0.16906627278024727,0.26010755577514477,1.0523716459445682,0.0030370920905483764,3.7877118629249646,1.774150617275834,2.0135612865097974,3.8516344100862607,1.8219644623763247,2.029669892229899,114000,34.4781129360199,1940.6145379543304
50,0.13789925161760386,0.82,0.13789925161760386,0.27376437463096154,0.9181844557026505,0.0035212085104412007,0.13789925161760386,0.27376437463096154,0.9181844557026505,0.0035212085104412007,0.2044808939936143,0.30651290937712744,1.1391677535780553,0.002328086384475858,0.2044808939936143,0.30651290937712744,1.1391677535780553,0.002328086384475858,3.8019975298127724,1.7899230143417582,2.0120745044218737,3.8554238164162857,1.8139933668080328,2.0414304804135144,116000,35.19955897331238,1975.814101934433
50,0.18749377767801684,0.76,0.18749377767801684,0.30480882513807495,0.9621475422448408,0.00045675787142869154,0.18749377767801684,0.30480882513807495,0.9621475422448408,0.00045675787142869154,0.2549281070383014,0.3226012076098778,1.0312907349939588,0.00036690391119551544,0.2549281070383014,0.3226012076098778,1.0312907349939588,0.00036690391119551544,3.8129291037216793,1.792611208973569,2.020317912406141,3.8680594525440184,1.8306644171532065,2.0373950744062848,118000,34.74357295036316,2010.5576798915863
50,0.1825036654765932,0.78,0.1825036654765932,0.30622905298429814,1.0649368130163326,0.005290132195549258,0.1825036654765932,0.30622905298429814,1.0649368130163326,0.005290132195549258,0.2375153262997357,0.3222150985012578,1.0737103137825612,0.0034712318278707515,0.2375153262997357,0.3222150985012578,1.0737103137825612,0.0034712318278707515,3.8133322425126477,1.7934809562293315,2.0198511907431214,3.854147193843016,1.814449972647488,2.0396972762917507,120000,34.198769092559814,2044.7564544677734
50,0.05386729342922595,0.96,0.05386729342922595,0.14534819896434278,0.8066401885549919,0.0020005479694607787,0.05386729342922595,0.14534819896434278,0.8066401885549919,0.0020005479694607787,0.114532971127656,0.20327166466806174,0.967987201996582,0.0016285398853403267,0.114532971127656,0.20327166466806174,0.967987201996582,0.0016285398853403267,3.791518106551176,1.7803669902609767,2.011151135383389,3.886953854566325,1.8430132765845255,2.0439405402744972,122000,34.486937522888184,2079.2433965206146
50,0.15301926702908214,0.78,0.15301926702908214,0.254680316557161,0.8456718788882328,0.0010860099922435492,0.15301926702908214,0.254680316557161,0.8456718788882328,0.0010860099922435492,0.21727160904781448,0.28313009568018843,1.1414886399985504,0.0008751631187410604,0.21727160904781448,0.28313009568018843,1.1414886399985504,0.0008751631187410604,3.788804224882002,1.7738289840060508,2.0149752349830923,3.870864378214895,1.8267323521217076,2.044132085743147,124000,34.764930725097656,2114.008332490921
50,0.09919099065646783,0.84,0.09919099065646783,0.20950925575974497,0.8748153919836607,0.004088146979588705,0.09919099065646783,0.20950925575974497,0.8748153919836607,0.004088146979588705,0.1790903894366156,0.26811171456231214,1.1572532556820454,0.003318251964933205,0.1790903894366156,0.26811171456231214,1.1572532556820454,0.003318251964933205,3.827284591514287,1.8043355726788095,2.0229489440942996,3.8731103926701835,1.8317129173878728,2.0413974413723874,126000,35.144238233566284,2149.152575969696
50,0.1496264048815344,0.8,0.1496264048815344,0.26542346239908315,0.8171920640719204,0.0023543480823350056,0.1496264048815344,0.26542346239908315,0.8171920640719204,0.0023543480823350056,0.22015467855179685,0.29035539822151973,1.0558716931097007,0.0002989762789350318,0.22015467855179685,0.29035539822151973,1.0558716931097007,0.0002989762789350318,3.8174279845731656,1.7997976925385688,2.0176303165882414,3.8463178732762717,1.8104578645587963,2.0358599279392164,128000,34.80505704879761,2183.9576387405396
50,0.13429018827438333,0.78,0.13429018827438333,0.24808019079564778,1.0599086186584101,0.0058638113710697045,0.13429018827438333,0.24808019079564778,1.0599086186584101,0.0058638113710697045,0.19880156307435004,0.28432716465988633,1.0772226948299468,0.0026678932564310636,0.19880156307435004,0.28432716465988633,1.0772226948299468,0.0026678932564310636,3.806422703585798,1.7855413113786494,2.0208814017128414,3.896307570891051,1.8479648016302197,2.048342752806819,130000,34.328214168548584,2218.2858583927155
50,0.11499589666925995,0.84,0.11499589666925995,0.24997999020305825,0.9366353414070309,0.007803668772346444,0.11499589666925995,0.24997999020305825,0.9366353414070309,0.007803668772346444,0.18342876500194646,0.2818767681530622,0.9955791880700829,0.0029706770174417235,0.18342876500194646,0.2818767681530622,0.9955791880700829,0.0029706770174417235,3.787749038546167,1.7853504002129639,2.0023986170703054,3.8493582530903105,1.8131630597202015,2.036195182208714,132000,34.268909215927124,2252.554772377014
50,0.22845639265292092,0.72,0.22845639265292092,0.33040787920673925,0.9131591931864091,0.0023460833963798366,0.22845639265292092,0.33040787920673925,0.9131591931864091,0.0023460833963798366,0.27469190902876184,0.33964170393034365,1.167465006379216,0.0008429123394678184,0.27469190902876184,0.33964170393034365,1.167465006379216,0.0008429123394678184,3.8066233275736643,1.785234830231932,2.0213884529964603,3.8522888255469407,1.8196800202731822,2.0326087898847067,134000,34.999977350234985,2287.554754972458
50,0.13597824508608175,0.84,0.13597824508608175,0.2619354592146581,0.8992698697157736,0.004308500148278954,0.13597824508608175,0.2619354592146581,0.8992698697157736,0.004308500148278954,0.20152792303985292,0.2914946268479771,1.048305219167862,0.004308500148278954,0.20152792303985292,0.2914946268479771,1.048305219167862,0.004308500148278954,3.7836563574216053,1.776225501980719,2.0074307676816616,3.8324704766900304,1.806807949478427,2.025662498532148,136000,34.97784876823425,2322.5326087474823
50,0.08434915456149122,0.92,0.08434915456149122,0.21406086876060626,0.9466130846979776,0.0069966736328347405,0.08434915456149122,0.21406086876060626,0.9466130846979776,0.0069966736328347405,0.15117422892969998,0.2600755207314478,1.1423512668389466,0.0018452413565978013,0.15117422892969998,0.2600755207314478,1.1423512668389466,0.0018452413565978013,3.7853711832880323,1.7774507345157478,2.007920497535248,3.8583029378737574,1.8185357684956804,2.0397672402572433,138000,34.78957509994507,2357.3221888542175
50,0.11555053247166507,0.86,0.11555053247166507,0.2334508267437135,0.8175012154905995,0.004950044731239509,0.11555053247166507,0.2334508267437135,0.8175012154905995,0.004950044731239509,0.17361828905963644,0.266807260568975,1.0915098114003108,0.0015705388112495402,0.17361828905963644,0.266807260568975,1.0915098114003108,0.0015705388112495402,3.7982924697863747,1.7852890878457357,2.0130034718815364,3.867288912386201,1.8238876461464235,2.043401231871377,140000,34.908647537231445,2392.2308661937714
50,0.10549898964927246,0.86,0.10549898964927246,0.21130599404542152,0.8246746042521712,0.005761098427181213,0.10549898964927246,0.21130599404542152,0.8246746042521712,0.005761098427181213,0.17647152807355096,0.2567841440437144,0.9555658984935012,0.0016367591811423023,0.17647152807355096,0.2567841440437144,0.9555658984935012,0.0016367591811423023,3.7890191306724166,1.770680339367879,2.0183388169730385,3.841685584810034,1.8160596510637539,2.025625966552937,142000,33.37756538391113,2425.6084368228912
50,0.02176761898830369,1.0,0.02176761898830369,0.010946868518725724,0.061312018611780116,0.005667158374735542,0.02176761898830369,0.010946868518725724,0.061312018611780116,0.005667158374735542,0.10437729775916707,0.1941553764690808,1.192197460269687,0.0032348751564678048,0.10437729775916707,0.1941553764690808,1.192197460269687,0.0032348751564678048,3.8025652290891907,1.782438871612737,2.020126347781069,3.8490096974936083,1.8180583398305687,2.0309513029736763,144000,35.10065841674805,2460.7091007232666
50,0.05752453149056385,0.94,0.05752453149056385,0.15612042858774264,0.8202731651091701,0.003488950469453657,0.05752453149056385,0.15612042858774264,0.8202731651091701,0.003488950469453657,0.13837885139178802,0.2404496480830655,1.1820352438454802,0.0023532667892965094,0.13837885139178802,0.2404496480830655,1.1820352438454802,0.0023532667892965094,3.7942100067108586,1.7813594337082792,2.012850593011677,3.860181030789506,1.8128443574210649,2.047336658226163,146000,34.573760986328125,2495.2828664779663
50,0.08622954475880062,0.92,0.08622954475880062,0.21067785790081167,0.9340850634862311,0.005783947324916398,0.08622954475880062,0.21067785790081167,0.9340850634862311,0.005783947324916398,0.15234645909539368,0.25867249671666614,1.0704982143571249,0.004083383408029621,0.15234645909539368,0.25867249671666614,1.0704982143571249,0.004083383408029621,3.785558892075793,1.7704876102875813,2.015071246732637,3.8277706282913715,1.8034738840007682,2.024296667348004,148000,34.53658676147461,2529.8194601535797
50,0.04766827944876449,0.96,0.04766827944876449,0.11859141155445843,0.6533138687048666,0.005549524743715754,0.04766827944876449,0.11859141155445843,0.6533138687048666,0.005549524743715754,0.1308967631534549,0.21553800309331714,1.1025358711285915,0.0010419032716909242,0.1308967631534549,0.21553800309331714,1.1025358711285915,0.0010419032716909242,3.805696848877287,1.7863840402024236,2.0193128838330683,3.8428663805673122,1.8144149617817236,2.0284514228738897,150000,34.679691791534424,2564.499156475067
50,0.12462441856969683,0.84,0.12462441856969683,0.2487354250963426,0.8911174580587644,0.006708356838330347,0.12462441856969683,0.2487354250963426,0.8911174580587644,0.006708356838330347,0.17875010407884162,0.2754111582646827,1.147227507000067,0.0015840164062831217,0.17875010407884162,0.2754111582646827,1.147227507000067,0.0015840164062831217,3.8040310170712908,1.788348842909464,2.0156822195885873,3.8357452066580757,1.8078807238016834,2.027864451179985,152000,33.02858018875122,2597.52774143219
50,0.07125520629841707,0.94,0.07125520629841707,0.18675507053921594,0.9171260074939324,0.0030987670584802208,0.07125520629841707,0.18675507053921594,0.9171260074939324,0.0030987670584802208,0.1395018428018816,0.24232934861607996,1.0458413746920845,0.0005179846600863755,0.1395018428018816,0.24232934861607996,1.0458413746920845,0.0005179846600863755,3.788679468957725,1.7805666555303603,2.008112773100963,3.864479919990031,1.8337895191903972,2.0306903899187447,154000,35.10262155532837,2632.6303675174713
50,0.1474999406668004,0.8,0.1474999406668004,0.27338075781331816,0.9235585818280153,0.0032729705990707275,0.1474999406668004,0.27338075781331816,0.9235585818280153,0.0032729705990707275,0.21732863711510317,0.3046638938464002,1.1860546815092805,0.00230155144331824,0.21732863711510317,0.3046638938464002,1.1860546815092805,0.00230155144331824,3.783657526793944,1.7731504642931895,2.0105070952851047,3.8211327988406154,1.8039485665559059,2.0171842449252417,156000,34.93940734863281,2667.5697796344757
50,0.1072056477782566,0.88,0.1072056477782566,0.22879205899879762,0.8386716579196124,0.0015451130606064824,0.1072056477782566,0.22879205899879762,0.8386716579196124,0.0015451130606064824,0.18396575176590577,0.27614735777804533,1.0714355417652963,0.0006016900158182817,0.18396575176590577,0.27614735777804533,1.0714355417652963,0.0006016900158182817,3.777248102398245,1.7734938074113349,2.003754272416687,3.8271110979904854,1.7984793081661552,2.0286317948591193,158000,35.1297402381897,2702.6995253562927
50,0.09237914435625212,0.9,0.09237914435625212,0.21280367418356877,0.9231711612833241,0.004475146166290585,0.09237914435625212,0.21280367418356877,0.9231711612833241,0.004475146166290585,0.1596547937741637,0.2560246862916657,1.0489170476019587,0.002033506984353889,0.1596547937741637,0.2560246862916657,1.0489170476019587,0.002033506984353889,3.8072829162843784,1.787984511201827,2.019298352338424,3.8338434163485653,1.8077519434489284,2.0260914912733927,160000,34.87275552749634,2737.5722856521606
50,0.09475700858787821,0.88,0.09475700858787821,0.20925779699774194,0.9413689060116747,0.00762465270140445,0.09475700858787821,0.20925779699774194,0.9413689060116747,0.00762465270140445,0.18542582859715698,0.27863092500161823,1.1523765207820447,0.002525064565767576,0.18542582859715698,0.27863092500161823,1.1523765207820447,0.002525064565767576,3.7740580494529254,1.7689204051998884,2.005137654352802,3.842740191821334,1.8137614765067263,2.0289787170500886,162000,33.6922926902771,2771.2645847797394
50,0.144351153941102,0.82,0.144351153941102,0.2685646769443206,1.0194055767618386,0.004269409068858589,0.144351153941102,0.2685646769443206,1.0194055767618386,0.004269409068858589,0.2030358505804585,0.2940780831547631,1.0898178929442746,0.0017321754225917132,0.2030358505804585,0.2940780831547631,1.0898178929442746,0.0017321754225917132,3.8291034268046285,1.7951670788635357,2.0339361840633923,3.826395441199284,1.8130269670517212,2.013368576699037,164000,35.1081268787384,2806.3727164268494
50,0.18518309679275038,0.76,0.18518309679275038,0.30640615239536045,0.9411674153213391,0.002769914139789015,0.18518309679275038,0.30640615239536045,0.9411674153213391,0.002769914139789015,0.2421031108111655,0.3207962099934802,1.1023200414937628,0.001452874896017151,0.2421031108111655,0.3207962099934802,1.1023200414937628,0.001452874896017151,3.778722873542557,1.7677520935891244,2.010970843571264,3.7987805529103826,1.7895446848838512,2.009235899368875,166000,34.88632893562317,2841.2590503692627
50,0.048651926225805345,0.96,0.048651926225805345,0.13249153162473498,0.8121778842137396,0.0021743885303434902,0.048651926225805345,0.13249153162473498,0.8121778842137396,0.0021743885303434902,0.12322909870632552,0.21972481961590168,1.1560947230665544,0.0015490529673778822,0.12322909870632552,0.21972481961590168,1.1560947230665544,0.0015490529673778822,3.774261873109036,1.7641720198399713,2.0100898443204285,3.821164063258713,1.8028354831608318,2.0183285490416805,168000,35.187254428863525,2876.4463102817535
50,0.11911049317637104,0.86,0.11911049317637104,0.24978488297354576,0.8517852126308141,0.0022451089194368504,0.11911049317637104,0.24978488297354576,0.8517852126308141,0.0022451089194368504,0.19174259794925816,0.2827706807395378,1.0476119998432407,0.0021591631845772298,0.19174259794925816,0.2827706807395378,1.0476119998432407,0.0021591631845772298,3.770581964842524,1.7612317323595186,2.0093502535041514,3.846295206593327,1.8164751404852324,2.0298200797717056,170000,34.852482318878174,2911.298798084259
50,0.10890311635533254,0.84,0.10890311635533254,0.2067045793358152,0.794226114926681,0.002295989400633762,0.10890311635533254,0.2067045793358152,0.794226114926681,0.002295989400633762,0.18734186927955662,0.26089727562629683,1.0716741255186777,0.0016953870333560404,0.18734186927955662,0.26089727562629683,1.0716741255186777,0.0016953870333560404,3.775096804662849,1.7626527862546448,2.012443983100611,3.7953043737014323,1.781040302234189,2.014264084712078,172000,34.59130120277405,2945.8901040554047
50,0.06408834691317383,0.94,0.06408834691317383,0.18024440785687193,0.8121748239742316,0.0027365172078577245,0.06408834691317383,0.18024440785687193,0.8121748239742316,0.0027365172078577245,0.13412830759683364,0.24641892957965042,1.125660326538161,0.0021688315245132076,0.13412830759683364,0.24641892957965042,1.125660326538161,0.0021688315245132076,3.7642493573783726,1.7659506403173477,1.9982987096230496,3.8696979784152066,1.8298775040858144,2.0398204589228035,174000,34.23698925971985,2980.1270978450775
50,0.08118317288018988,0.88,0.08118317288018988,0.1916858136532145,0.8530973537034878,0.0030961083739357766,0.08118317288018988,0.1916858136532145,0.8530973537034878,0.0030961083739357766,0.1392829959670109,0.2323249435018459,0.9976079685697671,0.0026387625646026045,0.1392829959670109,0.2323249435018459,0.9976079685697671,0.0026387625646026045,3.7665050202943027,1.7669500068624386,1.9995550294228053,3.8358003964200056,1.8043201982678063,2.031480192612429,176000,34.67481708526611,3014.801919698715
50,0.13243989372504764,0.84,0.13243989372504764,0.26320535908419707,0.9718234984666233,0.0020553035109279203,0.13243989372504764,0.26320535908419707,0.9718234984666233,0.0020553035109279203,0.20344844022758451,0.29433229267779915,1.1069281238593451,0.0015279687683211168,0.20344844022758451,0.29433229267779915,1.1069281238593451,0.0015279687683211168,3.7681968317824763,1.7513044560333864,2.016892349350233,3.7968061710741208,1.7834915071367412,2.013314694674156,178000,34.93366074562073,3049.7355856895447
50,0.14542428067054672,0.8,0.14542428067054672,0.27336629564505194,0.9888057095726943,0.0023637586847205646,0.14542428067054672,0.27336629564505194,0.9888057095726943,0.0023637586847205646,0.20791024696016888,0.2999839825389131,1.1263976301008747,0.002348281753545027,0.20791024696016888,0.2999839825389131,1.1263976301008747,0.002348281753545027,3.7692371984293915,1.7666478874517206,2.0025893246904305,3.8416098270370496,1.8114191295946838,2.030190679611108,180000,34.63883376121521,3084.3744242191315
50,0.23406630202670026,0.7,0.23406630202670026,0.3392352936762985,1.0530181543087282,0.002915472033088962,0.23406630202670026,0.3392352936762985,1.0530181543087282,0.002915472033088962,0.2904020553633507,0.34723774052232304,1.2236853009835855,0.0017735040042442779,0.2904020553633507,0.34723774052232304,1.2236853009835855,0.0017735040042442779,3.7641072640733513,1.7604219394243446,2.0036853806642805,3.8552287427113963,1.8282865993634774,2.02694217090926,182000,34.76028823852539,3119.134717464447
50,0.07111863473155648,0.92,0.07111863473155648,0.16980921926317422,0.8272640088382087,0.004657745168111475,0.07111863473155648,0.16980921926317422,0.8272640088382087,0.004657745168111475,0.14687850133577446,0.2382766666109914,0.9969787927614149,0.002259102427825244,0.14687850133577446,0.2382766666109914,0.9969787927614149,0.002259102427825244,3.787236693251572,1.7740431945032096,2.0131934775677496,3.819720086317273,1.8008123280614066,2.0189077418485724,184000,34.151094913482666,3153.2858169078827
50,0.05116235046737585,0.96,0.05116235046737585,0.13360676845436048,0.8642885771370331,0.003943444957745592,0.05116235046737585,0.13360676845436048,0.8642885771370331,0.003943444957745592,0.13860781252885673,0.23378288970163055,1.0890215003516521,0.0013735207998500545,0.13860781252885673,0.23378288970163055,1.0890215003516521,0.0013735207998500545,3.7748748756424364,1.7635260344780155,2.0113488968184545,3.800188233315213,1.7892388191274193,2.0109494295102492,186000,34.86023712158203,3188.1460626125336
50,0.13767700961821727,0.86,0.13767700961821727,0.29322515030634655,0.9952147897387128,0.002971303847585774,0.13767700961821727,0.29322515030634655,0.9952147897387128,0.002971303847585774,0.19348648803748505,0.3172285231957959,1.1420894180102783,0.002267576103520575,0.19348648803748505,0.3172285231957959,1.1420894180102783,0.002267576103520575,3.809071056601321,1.7823622207753043,2.026708849573751,3.8412253344385197,1.8096608230754807,2.0315645101798294,188000,35.16012668609619,3223.30619430542
50,0.18140578856082587,0.78,0.18140578856082587,0.2980081013925268,0.8347200920181931,0.001707437587263048,0.18140578856082587,0.2980081013925268,0.8347200920181931,0.001707437587263048,0.25276704771139613,0.3211845315721045,1.0495981198765902,0.0006022471027731826,0.25276704771139613,0.3211845315721045,1.0495981198765902,0.0006022471027731826,3.780849494729244,1.7748069640588757,2.0060424961068937,3.794314939779457,1.7838376441039134,2.0104773180811133,190000,34.77646040916443,3258.0826704502106
50,0.05970837268680227,0.94,0.05970837268680227,0.1577748317060125,0.8796063743303791,0.0008781060666905569,0.05970837268680227,0.1577748317060125,0.8796063743303791,0.0008781060666905569,0.13356982006023263,0.23019410179499425,1.1115563190583058,0.0008780890188008588,0.13356982006023263,0.23019410179499425,1.1115563190583058,0.0008780890188008588,3.7721928216180376,1.7655539852679825,2.0066387964597205,3.7853437837382793,1.7764091405305416,2.0089346838687665,192000,34.762147188186646,3292.844824075699
50,0.17836233749359798,0.76,0.17836233749359798,0.283226666095747,0.8245999841455142,0.0019437999446797287,0.17836233749359798,0.283226666095747,0.8245999841455142,0.0019437999446797287,0.22868562172904047,0.2954750049660874,0.9573281785436845,0.0016098108776040555,0.22868562172904047,0.2954750049660874,0.9573281785436845,0.0016098108776040555,3.783233716391044,1.7741553477710652,2.0090784054392774,3.8309470082250634,1.8054587343858912,2.0254882219847277,194000,34.599984884262085,3327.4448149204254
50,0.11215936440438576,0.84,0.11215936440438576,0.21635503380231474,0.8798208636871399,0.004338055839839753,0.11215936440438576,0.21635503380231474,0.8798208636871399,0.004338055839839753,0.1668106451906806,0.24907265897477016,1.0616945970802305,0.002935172746625977,0.1668106451906806,0.24907265897477016,1.0616945970802305,0.002935172746625977,3.7726214416428476,1.7695430939257653,2.003078344273904,3.8302836453240525,1.8128816651857809,2.017402042307877,196000,34.67891001701355,3362.1237292289734
50,0.0726972354489059,0.9,0.0726972354489059,0.1738584157703017,0.8689652887963734,0.002542556899993984,0.0726972354489059,0.1738584157703017,0.8689652887963734,0.002542556899993984,0.13449981016464368,0.22822856080207643,1.1234799448044621,0.0025266635603643246,0.13449981016464368,0.22822856080207643,1.1234799448044621,0.0025266635603643246,3.751052517017828,1.7483643556450026,2.0026881525377487,3.817459762294424,1.7935055095767767,2.0239542464785494,198000,34.56843972206116,3396.6921739578247
50,0.08931817692827598,0.9,0.08931817692827598,0.1982545124230126,0.8400094603668602,0.004999618419851475,0.08931817692827598,0.1982545124230126,0.8400094603668602,0.004999618419851475,0.16352236831522288,0.25847824709743317,1.1894293020283642,0.002917621469180668,0.16352236831522288,0.25847824709743317,1.1894293020283642,0.002917621469180668,3.7846826864085927,1.7763856062674366,2.0082970073048294,3.8171693511582063,1.7989647647216729,2.0182045984115216,200000,34.42204236984253,3431.114221572876
